M1,M2,SrDy,ThDy,total_mass
0.90,0.90,1.9129,-0.8378,2.119e-01
0.92,0.90,1.9504,-0.5340,2.119e-01
0.94,0.90,1.9640,-0.5016,2.120e-01
0.96,0.90,1.9622,-0.4972,2.120e-01
0.98,0.90,1.9600,-0.4920,2.120e-01
1.00,0.90,1.9574,-0.4860,2.121e-01
1.02,0.90,1.9544,-0.4792,2.121e-01
1.04,0.90,1.9510,-0.4716,2.122e-01
1.06,0.90,1.9470,-0.4631,2.122e-01
1.08,0.90,1.9426,-0.4538,2.123e-01
1.10,0.90,1.9375,-0.4435,2.124e-01
1.12,0.90,1.9318,-0.4323,2.125e-01
1.14,0.90,1.9253,-0.4202,2.126e-01
1.16,0.90,1.9180,-0.4071,2.127e-01
1.18,0.90,1.9097,-0.3930,2.128e-01
1.20,0.90,1.9004,-0.3780,2.130e-01
1.22,0.90,1.8899,-0.3620,2.132e-01
1.24,0.90,1.8780,-0.3451,2.134e-01
1.26,0.90,1.8647,-0.3272,2.136e-01
1.28,0.90,1.8496,-0.3086,2.139e-01
1.30,0.90,1.8326,-0.2892,2.143e-01
1.32,0.90,1.8073,-0.2449,2.146e-01
1.34,0.90,1.9071,-0.0148,2.151e-01
1.36,0.90,1.5844,-0.9243,2.156e-01
1.38,0.90,2.0314,-0.7533,2.163e-01
1.40,0.90,2.0379,-0.7497,2.170e-01
1.42,0.90,2.0384,-0.7510,2.179e-01
1.44,0.90,2.0391,-0.7525,2.190e-01
1.46,0.90,2.0399,-0.7544,2.203e-01
1.48,0.90,2.0408,-0.7568,2.219e-01
1.50,0.90,2.0420,-0.7596,2.238e-01
1.52,0.90,2.0434,-0.7631,2.261e-01
1.54,0.90,2.0451,-0.7674,2.290e-01
1.56,0.90,2.0472,-0.7727,2.326e-01
1.58,0.90,2.0498,-0.7794,2.371e-01
1.60,0.90,2.0529,-0.7879,2.429e-01
1.62,0.90,2.0568,-0.7984,2.503e-01
1.64,0.90,2.0615,-0.8118,2.598e-01
1.66,0.90,2.0672,-0.8287,2.724e-01
1.68,0.90,2.0740,-0.8501,2.889e-01
1.70,0.90,2.0819,-0.8770,3.109e-01
1.72,0.90,2.0910,-0.9108,3.404e-01
1.74,0.90,2.1012,-0.9530,3.802e-01
1.76,0.90,2.1122,-1.0049,4.346e-01
1.78,0.90,2.1531,-1.1055,4.582e-01
1.80,0.90,2.1853,-1.2541,5.191e-01
1.82,0.90,2.1929,-1.4489,6.395e-01
1.84,0.90,2.1925,-1.6644,8.293e-01
1.86,0.90,2.1906,-1.8884,1.111e+00
1.88,0.90,2.1891,-2.1157,1.523e+00
1.90,0.90,2.1882,-2.3443,2.124e+00
1.92,0.90,2.1878,-2.5734,3.005e+00
1.94,0.90,2.1879,-2.8029,4.310e+00
1.96,0.90,2.1881,-3.0327,6.263e+00
1.98,0.90,2.1884,-3.2629,9.220e+00
2.00,0.90,2.1888,-3.4938,1.376e+01
2.02,0.90,2.1891,-3.7257,2.086e+01
2.04,0.90,2.1894,-3.9603,3.231e+01
0.92,0.92,1.9322,-0.5706,2.120e-01
0.94,0.92,1.9673,-0.4429,2.120e-01
0.96,0.92,1.9619,-0.4965,2.120e-01
0.98,0.92,1.9600,-0.4921,2.120e-01
1.00,0.92,1.9578,-0.4869,2.121e-01
1.02,0.92,1.9552,-0.4809,2.121e-01
1.04,0.92,1.9521,-0.4742,2.121e-01
1.06,0.92,1.9487,-0.4666,2.122e-01
1.08,0.92,1.9447,-0.4581,2.123e-01
1.10,0.92,1.9402,-0.4489,2.123e-01
1.12,0.92,1.9351,-0.4387,2.124e-01
1.14,0.92,1.9293,-0.4276,2.125e-01
1.16,0.92,1.9228,-0.4156,2.126e-01
1.18,0.92,1.9154,-0.4027,2.127e-01
1.20,0.92,1.9072,-0.3888,2.129e-01
1.22,0.92,1.8978,-0.3740,2.130e-01
1.24,0.92,1.8874,-0.3583,2.132e-01
1.26,0.92,1.8756,-0.3417,2.134e-01
1.28,0.92,1.8623,-0.3242,2.137e-01
1.30,0.92,1.8473,-0.3059,2.140e-01
1.32,0.92,1.8315,-0.2484,2.143e-01
1.34,0.92,1.9027,-0.1267,2.147e-01
1.36,0.92,1.6546,-0.6728,2.151e-01
1.38,0.92,1.9492,-0.8294,2.156e-01
1.40,0.92,2.0374,-0.7486,2.162e-01
1.42,0.92,2.0379,-0.7497,2.169e-01
1.44,0.92,2.0384,-0.7510,2.177e-01
1.46,0.92,2.0390,-0.7525,2.186e-01
1.48,0.92,2.0398,-0.7543,2.197e-01
1.50,0.92,2.0407,-0.7566,2.211e-01
1.52,0.92,2.0419,-0.7593,2.227e-01
1.54,0.92,2.0432,-0.7627,2.247e-01
1.56,0.92,2.0449,-0.7669,2.271e-01
1.58,0.92,2.0469,-0.7720,2.301e-01
1.60,0.92,2.0494,-0.7785,2.339e-01
1.62,0.92,2.0525,-0.7865,2.387e-01
1.64,0.92,2.0562,-0.7967,2.449e-01
1.66,0.92,2.0607,-0.8095,2.531e-01
1.68,0.92,2.0662,-0.8257,2.637e-01
1.70,0.92,2.0728,-0.8463,2.779e-01
1.72,0.92,2.0805,-0.8721,2.968e-01
1.74,0.92,2.1251,-0.9062,2.747e-01
1.76,0.92,2.1794,-0.9686,2.640e-01
1.78,0.92,2.1962,-1.1011,2.855e-01
1.80,0.92,2.1960,-1.2743,3.353e-01
1.82,0.92,2.1913,-1.4679,4.161e-01
1.84,0.92,2.1869,-1.6709,5.355e-01
1.86,0.92,2.1840,-1.8780,7.071e-01
1.88,0.92,2.1827,-2.0870,9.516e-01
1.90,0.92,2.1824,-2.2966,1.301e+00
1.92,0.92,2.1829,-2.5066,1.802e+00
1.94,0.92,2.1837,-2.7169,2.529e+00
1.96,0.92,2.1848,-2.9277,3.593e+00
1.98,0.92,2.1859,-3.1395,5.168e+00
2.00,0.92,2.1869,-3.3526,7.533e+00
2.02,0.92,2.1878,-3.5679,1.114e+01
2.04,0.92,2.1885,-3.7876,1.683e+01
0.94,0.94,1.9853,-0.3053,2.120e-01
0.96,0.94,1.9647,-0.4572,2.120e-01
0.98,0.94,1.9597,-0.4914,2.120e-01
1.00,0.94,1.9578,-0.4870,2.121e-01
1.02,0.94,1.9555,-0.4818,2.121e-01
1.04,0.94,1.9529,-0.4758,2.121e-01
1.06,0.94,1.9498,-0.4690,2.122e-01
1.08,0.94,1.9463,-0.4615,2.122e-01
1.10,0.94,1.9422,-0.4531,2.123e-01
1.12,0.94,1.9377,-0.4439,2.124e-01
1.14,0.94,1.9325,-0.4338,2.125e-01
1.16,0.94,1.9267,-0.4228,2.126e-01
1.18,0.94,1.9202,-0.4110,2.127e-01
1.20,0.94,1.9128,-0.3982,2.128e-01
1.22,0.94,1.9045,-0.3845,2.129e-01
1.24,0.94,1.8952,-0.3699,2.131e-01
1.26,0.94,1.8847,-0.3545,2.133e-01
1.28,0.94,1.8729,-0.3381,2.135e-01
1.30,0.94,1.8592,-0.3207,2.137e-01
1.32,0.94,1.8505,-0.2523,2.140e-01
1.34,0.94,1.8870,-0.2282,2.143e-01
1.36,0.94,1.7235,-0.4176,2.146e-01
1.38,0.94,1.7853,-0.9882,2.150e-01
1.40,0.94,2.0371,-0.7478,2.154e-01
1.42,0.94,2.0374,-0.7487,2.159e-01
1.44,0.94,2.0379,-0.7497,2.165e-01
1.46,0.94,2.0384,-0.7510,2.171e-01
1.48,0.94,2.0390,-0.7525,2.179e-01
1.50,0.94,2.0398,-0.7543,2.187e-01
1.52,0.94,2.0407,-0.7565,2.197e-01
1.54,0.94,2.0418,-0.7592,2.209e-01
1.56,0.94,2.0431,-0.7625,2.223e-01
1.58,0.94,2.0448,-0.7666,2.241e-01
1.60,0.94,2.0468,-0.7716,2.264e-01
1.62,0.94,2.0492,-0.7779,2.292e-01
1.64,0.94,2.0522,-0.7858,2.330e-01
1.66,0.94,2.0559,-0.7958,2.379e-01
1.68,0.94,2.0603,-0.8084,2.445e-01
1.70,0.94,2.0918,-0.8138,2.154e-01
1.72,0.94,2.1682,-0.7974,1.769e-01
1.74,0.94,2.1990,-0.8594,1.652e-01
1.76,0.94,2.2018,-0.9791,1.712e-01
1.78,0.94,2.1933,-1.1341,1.922e-01
1.80,0.94,2.1832,-1.3082,2.284e-01
1.82,0.94,2.1754,-1.4919,2.826e-01
1.84,0.94,2.1708,-1.6801,3.598e-01
1.86,0.94,2.1689,-1.8700,4.680e-01
1.88,0.94,2.1691,-2.0606,6.191e-01
1.90,0.94,2.1707,-2.2514,8.306e-01
1.92,0.94,2.1732,-2.4425,1.129e+00
1.94,0.94,2.1760,-2.6341,1.552e+00
1.96,0.94,2.1788,-2.8268,2.160e+00
1.98,0.94,2.1814,-3.0211,3.041e+00
2.00,0.94,2.1836,-3.2175,4.336e+00
2.02,0.94,2.1855,-3.4164,6.271e+00
2.04,0.94,2.1869,-3.6193,9.253e+00
0.96,0.96,2.0006,-0.3336,2.120e-01
0.98,0.96,1.9579,-0.4685,2.120e-01
1.00,0.96,1.9575,-0.4862,2.121e-01
1.02,0.96,1.9555,-0.4818,2.121e-01
1.04,0.96,1.9532,-0.4766,2.121e-01
1.06,0.96,1.9505,-0.4706,2.122e-01
1.08,0.96,1.9474,-0.4638,2.122e-01
1.10,0.96,1.9438,-0.4563,2.123e-01
1.12,0.96,1.9397,-0.4480,2.123e-01
1.14,0.96,1.9351,-0.4388,2.124e-01
1.16,0.96,1.9299,-0.4288,2.125e-01
1.18,0.96,1.9240,-0.4179,2.126e-01
1.20,0.96,1.9174,-0.4062,2.127e-01
1.22,0.96,1.9100,-0.3936,2.128e-01
1.24,0.96,1.9017,-0.3801,2.130e-01
1.26,0.96,1.8924,-0.3657,2.131e-01
1.28,0.96,1.8819,-0.3505,2.133e-01
1.30,0.96,1.8609,-0.3237,2.135e-01
1.32,0.96,1.8661,-0.2557,2.137e-01
1.34,0.96,1.8724,-0.3061,2.139e-01
1.36,0.96,1.7911,-0.2217,2.142e-01
1.38,0.96,1.7110,-1.0237,2.144e-01
1.40,0.96,2.0368,-0.7471,2.147e-01
1.42,0.96,2.0371,-0.7478,2.150e-01
1.44,0.96,2.0375,-0.7487,2.153e-01
1.46,0.96,2.0379,-0.7498,2.157e-01
1.48,0.96,2.0384,-0.7510,2.160e-01
1.50,0.96,2.0391,-0.7525,2.164e-01
1.52,0.96,2.0398,-0.7543,2.168e-01
1.54,0.96,2.0407,-0.7565,2.173e-01
1.56,0.96,2.0418,-0.7592,2.179e-01
1.58,0.96,2.0431,-0.7625,2.186e-01
1.60,0.96,2.0448,-0.7665,2.195e-01
1.62,0.96,2.0468,-0.7716,2.208e-01
1.64,0.96,2.0492,-0.7779,2.225e-01
1.66,0.96,2.0541,-0.7909,2.042e-01
1.68,0.96,2.1493,-0.7168,1.487e-01
1.70,0.96,2.1978,-0.7152,1.217e-01
1.72,0.96,2.2087,-0.7784,1.108e-01
1.74,0.96,2.1978,-0.8894,1.107e-01
1.76,0.96,2.1797,-1.0304,1.192e-01
1.78,0.96,2.1627,-1.1884,1.360e-01
1.80,0.96,2.1504,-1.3549,1.619e-01
1.82,0.96,2.1433,-1.5253,1.990e-01
1.84,0.96,2.1408,-1.6969,2.503e-01
1.86,0.96,2.1420,-1.8686,3.209e-01
1.88,0.96,2.1459,-2.0399,4.176e-01
1.90,0.96,2.1513,-2.2113,5.506e-01
1.92,0.96,2.1575,-2.3833,7.348e-01
1.94,0.96,2.1637,-2.5565,9.918e-01
1.96,0.96,2.1695,-2.7316,1.354e+00
1.98,0.96,2.1745,-2.9084,1.869e+00
2.00,0.96,2.1787,-3.0863,2.611e+00
2.02,0.96,2.1820,-3.2638,3.699e+00
2.04,0.96,2.1845,-3.4412,5.343e+00
0.98,0.98,1.9878,-0.4418,2.121e-01
1.00,0.98,1.9553,-0.4638,2.121e-01
1.02,0.98,1.9552,-0.4810,2.121e-01
1.04,0.98,1.9532,-0.4765,2.121e-01
1.06,0.98,1.9508,-0.4713,2.122e-01
1.08,0.98,1.9481,-0.4653,2.122e-01
1.10,0.98,1.9449,-0.4586,2.123e-01
1.12,0.98,1.9413,-0.4511,2.123e-01
1.14,0.98,1.9371,-0.4428,2.124e-01
1.16,0.98,1.9325,-0.4337,2.125e-01
1.18,0.98,1.9272,-0.4237,2.125e-01
1.20,0.98,1.9213,-0.4130,2.126e-01
1.22,0.98,1.9146,-0.4014,2.127e-01
1.24,0.98,1.9072,-0.3889,2.129e-01
1.26,0.98,1.8988,-0.3756,2.130e-01
1.28,0.98,1.8895,-0.3614,2.131e-01
1.30,0.98,1.8665,-0.3300,2.133e-01
1.32,0.98,1.8794,-0.2580,2.134e-01
1.34,0.98,1.8612,-0.3633,2.136e-01
1.36,0.98,1.8530,-0.0955,2.137e-01
1.38,0.98,1.6646,-0.9746,2.139e-01
1.40,0.98,1.9951,-0.7836,2.140e-01
1.42,0.98,2.0368,-0.7472,2.141e-01
1.44,0.98,2.0371,-0.7479,2.141e-01
1.46,0.98,2.0375,-0.7488,2.141e-01
1.48,0.98,2.0379,-0.7499,2.141e-01
1.50,0.98,2.0385,-0.7511,2.140e-01
1.52,0.98,2.0391,-0.7526,2.138e-01
1.54,0.98,2.0399,-0.7545,2.135e-01
1.56,0.98,2.0408,-0.7567,2.133e-01
1.58,0.98,2.0419,-0.7594,2.130e-01
1.60,0.98,2.0432,-0.7628,2.127e-01
1.62,0.98,2.0449,-0.7669,2.126e-01
1.64,0.98,2.1207,-0.6974,1.464e-01
1.66,0.98,2.1888,-0.6454,1.083e-01
1.68,0.98,2.2133,-0.6581,8.835e-02
1.70,0.98,2.2055,-0.7255,7.886e-02
1.72,0.98,2.1805,-0.8323,7.636e-02
1.74,0.98,2.1512,-0.9641,7.925e-02
1.76,0.98,2.1255,-1.1098,8.704e-02
1.78,0.98,2.1069,-1.2621,9.990e-02
1.80,0.98,2.0962,-1.4166,1.186e-01
1.82,0.98,2.0928,-1.5707,1.445e-01
1.84,0.98,2.0954,-1.7236,1.797e-01
1.86,0.98,2.1025,-1.8751,2.271e-01
1.88,0.98,2.1126,-2.0261,2.910e-01
1.90,0.98,2.1242,-2.1774,3.776e-01
1.92,0.98,2.1361,-2.3301,4.955e-01
1.94,0.98,2.1472,-2.4844,6.573e-01
1.96,0.98,2.1571,-2.6394,8.814e-01
1.98,0.98,2.1654,-2.7934,1.195e+00
2.00,0.98,2.1721,-2.9438,1.638e+00
2.02,0.98,2.1773,-3.0892,2.277e+00
2.04,0.98,2.1813,-3.2311,3.224e+00
1.00,1.00,1.9694,-0.4941,2.121e-01
1.02,1.00,1.9561,-0.4484,2.121e-01
1.04,1.00,1.9479,-0.4682,2.121e-01
1.06,1.00,1.9508,-0.4712,2.122e-01
1.08,1.00,1.9483,-0.4659,2.122e-01
1.10,1.00,1.9455,-0.4600,2.123e-01
1.12,1.00,1.9423,-0.4532,2.123e-01
1.14,1.00,1.9386,-0.4457,2.124e-01
1.16,1.00,1.9344,-0.4375,2.124e-01
1.18,1.00,1.9297,-0.4284,2.125e-01
1.20,1.00,1.9244,-0.4186,2.126e-01
1.22,1.00,1.9184,-0.4079,2.127e-01
1.24,1.00,1.9117,-0.3964,2.128e-01
1.26,1.00,1.9042,-0.3841,2.129e-01
1.28,1.00,1.8958,-0.3709,2.129e-01
1.30,1.00,1.8769,-0.3311,2.130e-01
1.32,1.00,1.8877,-0.2646,2.131e-01
1.34,1.00,1.8580,-0.3928,2.132e-01
1.36,1.00,1.9018,-0.0286,2.132e-01
1.38,1.00,1.6950,-0.8250,2.132e-01
1.40,1.00,1.8518,-0.9237,2.131e-01
1.42,1.00,2.0366,-0.7467,2.130e-01
1.44,1.00,2.0369,-0.7473,2.127e-01
1.46,1.00,2.0372,-0.7481,2.123e-01
1.48,1.00,2.0376,-0.7490,2.118e-01
1.50,1.00,2.0380,-0.7501,2.112e-01
1.52,1.00,2.0386,-0.7513,2.104e-01
1.54,1.00,2.0392,-0.7529,2.094e-01
1.56,1.00,2.0400,-0.7548,2.083e-01
1.58,1.00,2.0409,-0.7571,2.070e-01
1.60,1.00,2.0799,-0.7196,1.608e-01
1.62,1.00,2.1691,-0.6270,1.102e-01
1.64,1.00,2.2119,-0.5968,8.250e-02
1.66,1.00,2.2141,-0.6244,6.710e-02
1.68,1.00,2.1881,-0.6987,5.895e-02
1.70,1.00,2.1482,-0.8058,5.563e-02
1.72,1.00,2.1064,-0.9329,5.594e-02
1.74,1.00,2.0704,-1.0704,5.937e-02
1.76,1.00,2.0441,-1.2116,6.587e-02
1.78,1.00,2.0285,-1.3524,7.567e-02
1.80,1.00,2.0233,-1.4904,8.938e-02
1.82,1.00,2.0271,-1.6252,1.079e-01
1.84,1.00,2.0380,-1.7572,1.326e-01
1.86,1.00,2.0538,-1.8875,1.654e-01
1.88,1.00,2.0724,-2.0175,2.089e-01
1.90,1.00,2.0918,-2.1481,2.670e-01
1.92,1.00,2.1106,-2.2791,3.450e-01
1.94,1.00,2.1276,-2.4090,4.503e-01
1.96,1.00,2.1422,-2.5352,5.939e-01
1.98,1.00,2.1544,-2.6556,7.916e-01
2.00,1.00,2.1641,-2.7692,1.067e+00
2.02,1.00,2.1716,-2.8773,1.456e+00
2.04,1.00,2.1773,-2.9848,2.025e+00
1.02,1.02,1.9588,-0.5108,2.121e-01
1.04,1.02,1.9583,-0.4226,2.122e-01
1.06,1.02,1.9431,-0.4534,2.122e-01
1.08,1.02,1.9483,-0.4657,2.122e-01
1.10,1.02,1.9458,-0.4605,2.122e-01
1.12,1.02,1.9429,-0.4545,2.123e-01
1.14,1.02,1.9396,-0.4478,2.123e-01
1.16,1.02,1.9359,-0.4404,2.124e-01
1.18,1.02,1.9317,-0.4321,2.125e-01
1.20,1.02,1.9269,-0.4231,2.125e-01
1.22,1.02,1.9215,-0.4133,2.126e-01
1.24,1.02,1.9154,-0.4027,2.127e-01
1.26,1.02,1.9087,-0.3913,2.127e-01
1.28,1.02,1.8969,-0.3761,2.128e-01
1.30,1.02,1.8843,-0.3322,2.128e-01
1.32,1.02,1.8947,-0.2692,2.128e-01
1.34,1.02,1.8566,-0.4157,2.127e-01
1.36,1.02,1.9342,-0.0166,2.126e-01
1.38,1.02,1.7479,-0.5847,2.124e-01
1.40,1.02,1.7628,-0.9949,2.121e-01
1.42,1.02,2.0289,-0.7522,2.116e-01
1.44,1.02,2.0367,-0.7468,2.110e-01
1.46,1.02,2.0369,-0.7475,2.102e-01
1.48,1.02,2.0373,-0.7483,2.091e-01
1.50,1.02,2.0377,-0.7492,2.079e-01
1.52,1.02,2.0381,-0.7503,2.064e-01
1.54,1.02,2.0387,-0.7517,2.046e-01
1.56,1.02,2.0397,-0.7540,1.923e-01
1.58,1.02,2.1358,-0.6458,1.232e-01
1.60,1.02,2.2007,-0.5774,8.623e-02
1.62,1.02,2.2199,-0.5683,6.518e-02
1.64,1.02,2.2011,-0.6114,5.290e-02
1.66,1.02,2.1574,-0.6948,4.591e-02
1.68,1.02,2.1024,-0.8052,4.244e-02
1.70,1.02,2.0477,-0.9310,4.156e-02
1.72,1.02,2.0008,-1.0634,4.281e-02
1.74,1.02,1.9659,-1.1960,4.605e-02
1.76,1.02,1.9446,-1.3251,5.131e-02
1.78,1.02,1.9366,-1.4490,5.884e-02
1.80,1.02,1.9406,-1.5674,6.905e-02
1.82,1.02,1.9546,-1.6811,8.259e-02
1.84,1.02,1.9758,-1.7917,1.003e-01
1.86,1.02,2.0017,-1.9006,1.236e-01
1.88,1.02,2.0296,-2.0080,1.540e-01
1.90,1.02,2.0573,-2.1134,1.941e-01
1.92,1.02,2.0832,-2.2146,2.472e-01
1.94,1.02,2.1062,-2.3098,3.179e-01
1.96,1.02,2.1259,-2.3981,4.129e-01
1.98,1.02,2.1420,-2.4802,5.417e-01
2.00,1.02,2.1549,-2.5584,7.184e-01
2.02,1.02,2.1649,-2.6368,9.647e-01
2.04,1.02,2.1726,-2.7220,1.319e+00
1.04,1.04,1.9559,-0.5071,2.122e-01
1.06,1.04,1.9563,-0.4029,2.122e-01
1.08,1.04,1.9424,-0.4358,2.122e-01
1.10,1.04,1.9413,-0.4556,2.122e-01
1.12,1.04,1.9432,-0.4550,2.123e-01
1.14,1.04,1.9402,-0.4490,2.123e-01
1.16,1.04,1.9369,-0.4423,2.124e-01
1.18,1.04,1.9331,-0.4349,2.124e-01
1.20,1.04,1.9288,-0.4267,2.125e-01
1.22,1.04,1.9239,-0.4177,2.125e-01
1.24,1.04,1.9184,-0.4080,2.125e-01
1.26,1.04,1.9123,-0.3974,2.125e-01
1.28,1.04,1.8956,-0.3695,2.125e-01
1.30,1.04,1.8854,-0.3563,2.125e-01
1.32,1.04,1.8975,-0.2802,2.123e-01
1.34,1.04,1.8604,-0.4230,2.121e-01
1.36,1.04,1.9512,-0.0442,2.118e-01
1.38,1.04,1.7988,-0.3737,2.113e-01
1.40,1.04,1.7052,-0.9723,2.107e-01
1.42,1.04,1.9506,-0.8268,2.099e-01
1.44,1.04,2.0365,-0.7464,2.088e-01
1.46,1.04,2.0367,-0.7470,2.075e-01
1.48,1.04,2.0370,-0.7477,2.058e-01
1.50,1.04,2.0374,-0.7485,2.039e-01
1.52,1.04,2.0378,-0.7496,2.016e-01
1.54,1.04,2.0852,-0.6963,1.490e-01
1.56,1.04,2.1757,-0.5911,9.804e-02
1.58,1.04,2.2177,-0.5458,6.974e-02
1.60,1.04,2.2147,-0.5569,5.310e-02
1.62,1.04,2.1762,-0.6156,4.303e-02
1.64,1.04,2.1157,-0.7091,3.700e-02
1.66,1.04,2.0465,-0.8244,3.365e-02
1.68,1.04,1.9797,-0.9507,3.224e-02
1.70,1.04,1.9225,-1.0794,3.238e-02
1.72,1.04,1.8793,-1.2051,3.388e-02
1.74,1.04,1.8519,-1.3243,3.672e-02
1.76,1.04,1.8403,-1.4359,4.096e-02
1.78,1.04,1.8434,-1.5401,4.679e-02
1.80,1.04,1.8590,-1.6378,5.453e-02
1.82,1.04,1.8843,-1.7307,6.462e-02
1.84,1.04,1.9163,-1.8193,7.767e-02
1.86,1.04,1.9519,-1.9035,9.453e-02
1.88,1.04,1.9884,-1.9818,1.164e-01
1.90,1.04,2.0237,-2.0528,1.447e-01
1.92,1.04,2.0561,-2.1158,1.818e-01
1.94,1.04,2.0848,-2.1719,2.306e-01
1.96,1.04,2.1091,-2.2239,2.952e-01
1.98,1.04,2.1291,-2.2753,3.817e-01
2.00,1.04,2.1452,-2.3304,4.987e-01
2.02,1.04,2.1577,-2.3934,6.595e-01
2.04,1.04,2.1674,-2.4705,8.875e-01
1.06,1.06,1.9588,-0.4892,2.122e-01
1.08,1.06,1.9461,-0.4111,2.122e-01
1.10,1.06,1.9374,-0.4483,2.123e-01
1.12,1.06,1.9359,-0.4350,2.123e-01
1.14,1.06,1.9359,-0.4448,2.123e-01
1.16,1.06,1.9375,-0.4434,2.123e-01
1.18,1.06,1.9341,-0.4367,2.124e-01
1.20,1.06,1.9302,-0.4293,2.124e-01
1.22,1.06,1.9258,-0.4211,2.124e-01
1.24,1.06,1.9208,-0.4121,2.124e-01
1.26,1.06,1.9079,-0.3890,2.123e-01
1.28,1.06,1.9015,-0.3626,2.122e-01
1.30,1.06,1.8928,-0.3690,2.120e-01
1.32,1.06,1.8974,-0.2947,2.117e-01
1.34,1.06,1.8648,-0.4294,2.113e-01
1.36,1.06,1.9581,-0.0933,2.107e-01
1.38,1.06,1.8468,-0.2211,2.099e-01
1.40,1.06,1.7074,-0.8767,2.089e-01
1.42,1.06,1.8158,-0.9568,2.076e-01
1.44,1.06,2.0335,-0.7483,2.060e-01
1.46,1.06,2.0366,-0.7466,2.041e-01
1.48,1.06,2.0369,-0.7473,2.017e-01
1.50,1.06,2.0372,-0.7482,1.943e-01
1.52,1.06,2.1323,-0.6356,1.198e-01
1.54,1.06,2.2021,-0.5526,8.049e-02
1.56,1.06,2.2225,-0.5291,5.798e-02
1.58,1.06,2.1988,-0.5595,4.440e-02
1.60,1.06,2.1422,-0.6332,3.595e-02
1.62,1.06,2.0665,-0.7366,3.069e-02
1.64,1.06,1.9849,-0.8570,2.755e-02
1.66,1.06,1.9076,-0.9839,2.594e-02
1.68,1.06,1.8417,-1.1096,2.550e-02
1.70,1.06,1.7912,-1.2290,2.606e-02
1.72,1.06,1.7580,-1.3396,2.754e-02
1.74,1.06,1.7425,-1.4407,2.996e-02
1.76,1.06,1.7436,-1.5328,3.338e-02
1.78,1.06,1.7593,-1.6170,3.796e-02
1.80,1.06,1.7868,-1.6942,4.392e-02
1.82,1.06,1.8228,-1.7642,5.157e-02
1.84,1.06,1.8642,-1.8258,6.135e-02
1.86,1.06,1.9080,-1.8774,7.385e-02
1.88,1.06,1.9517,-1.9187,8.984e-02
1.90,1.06,1.9933,-1.9508,1.104e-01
1.92,1.06,2.0312,-1.9771,1.369e-01
1.94,1.06,2.0646,-2.0018,1.714e-01
1.96,1.06,2.0930,-2.0297,2.166e-01
1.98,1.06,2.1165,-2.0649,2.763e-01
2.00,1.06,2.1355,-2.1111,3.560e-01
2.02,1.06,2.1504,-2.1714,4.641e-01
2.04,1.06,2.1621,-2.2504,6.154e-01
1.08,1.08,1.9656,-0.4603,2.122e-01
1.10,1.08,1.9322,-0.4445,2.123e-01
1.12,1.08,1.9468,-0.4103,2.123e-01
1.14,1.08,1.9320,-0.4277,2.123e-01
1.16,1.08,1.9308,-0.4217,2.123e-01
1.18,1.08,1.9268,-0.4218,2.123e-01
1.20,1.08,1.9245,-0.4167,2.123e-01
1.22,1.08,1.9203,-0.4083,2.123e-01
1.24,1.08,1.9135,-0.3991,2.122e-01
1.26,1.08,1.9099,-0.3807,2.120e-01
1.28,1.08,1.9012,-0.3748,2.118e-01
1.30,1.08,1.9083,-0.3453,2.114e-01
1.32,1.08,1.8937,-0.3199,2.109e-01
1.34,1.08,1.8697,-0.4349,2.102e-01
1.36,1.08,1.9591,-0.1487,2.093e-01
1.38,1.08,1.8878,-0.1254,2.081e-01
1.40,1.08,1.7500,-0.6753,2.066e-01
1.42,1.08,1.7504,-0.9808,2.048e-01
1.44,1.08,1.9768,-0.8009,2.025e-01
1.46,1.08,2.0365,-0.7463,1.999e-01
1.48,1.08,2.0653,-0.7131,1.576e-01
1.50,1.08,2.1672,-0.5896,9.943e-02
1.52,1.08,2.2173,-0.5275,6.785e-02
1.54,1.08,2.2174,-0.5244,4.936e-02
1.56,1.08,2.1748,-0.5728,3.796e-02
1.58,1.08,2.1020,-0.6601,3.072e-02
1.60,1.08,2.0133,-0.7724,2.608e-02
1.62,1.08,1.9214,-0.8971,2.318e-02
1.64,1.08,1.8358,-1.0242,2.151e-02
1.66,1.08,1.7630,-1.1466,2.078e-02
1.68,1.08,1.7064,-1.2603,2.081e-02
1.70,1.08,1.6681,-1.3632,2.152e-02
1.72,1.08,1.6485,-1.4552,2.288e-02
1.74,1.08,1.6470,-1.5371,2.492e-02
1.76,1.08,1.6617,-1.6097,2.769e-02
1.78,1.08,1.6896,-1.6730,3.132e-02
1.80,1.08,1.7278,-1.7255,3.598e-02
1.82,1.08,1.7728,-1.7657,4.189e-02
1.84,1.08,1.8217,-1.7924,4.935e-02
1.86,1.08,1.8719,-1.8066,5.879e-02
1.88,1.08,1.9210,-1.8114,7.074e-02
1.90,1.08,1.9673,-1.8119,8.594e-02
1.92,1.08,2.0095,-1.8134,1.054e-01
1.94,1.08,2.0467,-1.8212,1.303e-01
1.96,1.08,2.0785,-1.8396,1.627e-01
1.98,1.08,2.1050,-1.8716,2.049e-01
2.00,1.08,2.1264,-1.9194,2.606e-01
2.02,1.08,2.1435,-1.9846,3.352e-01
2.04,1.08,2.1570,-2.0705,4.386e-01
1.10,1.10,1.9746,-0.4171,2.123e-01
1.12,1.10,1.9219,-0.4840,2.123e-01
1.14,1.10,1.9450,-0.3814,2.123e-01
1.16,1.10,1.9368,-0.4166,2.123e-01
1.18,1.10,1.9247,-0.4246,2.122e-01
1.20,1.10,1.9242,-0.4037,2.122e-01
1.22,1.10,1.9216,-0.3936,2.121e-01
1.24,1.10,1.9162,-0.3881,2.119e-01
1.26,1.10,1.9084,-0.3920,2.116e-01
1.28,1.10,1.9083,-0.3831,2.112e-01
1.30,1.10,1.9176,-0.3186,2.106e-01
1.32,1.10,1.8880,-0.3510,2.098e-01
1.34,1.10,1.8751,-0.4395,2.088e-01
1.36,1.10,1.9560,-0.1984,2.074e-01
1.38,1.10,1.9187,-0.0740,2.057e-01
1.40,1.10,1.7900,-0.4693,2.037e-01
1.42,1.10,1.7044,-0.9486,2.012e-01
1.44,1.10,1.8395,-0.9348,1.982e-01
1.46,1.10,2.0990,-0.6671,1.319e-01
1.48,1.10,2.1918,-0.5558,8.472e-02
1.50,1.10,2.2235,-0.5131,5.851e-02
1.52,1.10,2.2049,-0.5289,4.288e-02
1.54,1.10,2.1453,-0.5934,3.309e-02
1.56,1.10,2.0586,-0.6928,2.677e-02
1.58,1.10,1.9591,-0.8126,2.264e-02
1.60,1.10,1.8591,-0.9404,1.996e-02
1.62,1.10,1.7672,-1.0668,1.831e-02
1.64,1.10,1.6890,-1.1858,1.743e-02
1.66,1.10,1.6276,-1.2938,1.717e-02
1.68,1.10,1.5850,-1.3898,1.742e-02
1.70,1.10,1.5618,-1.4740,1.815e-02
1.72,1.10,1.5575,-1.5472,1.935e-02
1.74,1.10,1.5703,-1.6094,2.106e-02
1.76,1.10,1.5976,-1.6597,2.333e-02
1.78,1.10,1.6361,-1.6958,2.624e-02
1.80,1.10,1.6828,-1.7160,2.993e-02
1.82,1.10,1.7346,-1.7203,3.456e-02
1.84,1.10,1.7891,-1.7112,4.035e-02
1.86,1.10,1.8438,-1.6934,4.761e-02
1.88,1.10,1.8968,-1.6730,5.671e-02
1.90,1.10,1.9466,-1.6560,6.817e-02
1.92,1.10,1.9919,-1.6476,8.268e-02
1.94,1.10,2.0319,-1.6521,1.011e-01
1.96,1.10,2.0663,-1.6720,1.248e-01
1.98,1.10,2.0951,-1.7090,1.553e-01
2.00,1.10,2.1187,-1.7638,1.952e-01
2.02,1.10,2.1376,-1.8370,2.480e-01
2.04,1.10,2.1526,-1.9316,3.204e-01
1.12,1.12,1.9831,-0.3625,2.123e-01
1.14,1.12,1.9226,-0.5038,2.122e-01
1.16,1.12,1.9269,-0.4155,2.122e-01
1.18,1.12,1.9425,-0.3659,2.121e-01
1.20,1.12,1.9362,-0.3867,2.120e-01
1.22,1.12,1.9270,-0.3999,2.118e-01
1.24,1.12,1.9219,-0.3960,2.114e-01
1.26,1.12,1.9219,-0.3764,2.110e-01
1.28,1.12,1.9244,-0.3379,2.103e-01
1.30,1.12,1.9134,-0.3215,2.095e-01
1.32,1.12,1.8816,-0.3883,2.083e-01
1.34,1.12,1.8809,-0.4434,2.068e-01
1.36,1.12,1.9535,-0.2320,2.050e-01
1.38,1.12,1.9391,-0.0548,2.027e-01
1.40,1.12,1.8281,-0.3094,2.000e-01
1.42,1.12,1.7126,-0.8297,1.901e-01
1.44,1.12,1.6920,-1.0193,1.134e-01
1.46,1.12,2.0099,-0.7197,7.386e-02
1.48,1.12,2.2228,-0.5072,5.148e-02
1.50,1.12,2.1872,-0.5400,3.794e-02
1.52,1.12,2.1128,-0.6187,2.936e-02
1.54,1.12,2.0143,-0.7283,2.374e-02
1.56,1.12,1.9063,-0.8540,2.000e-02
1.58,1.12,1.8001,-0.9837,1.753e-02
1.60,1.12,1.7035,-1.1088,1.593e-02
1.62,1.12,1.6212,-1.2240,1.499e-02
1.64,1.12,1.5561,-1.3267,1.455e-02
1.66,1.12,1.5099,-1.4165,1.452e-02
1.68,1.12,1.4836,-1.4938,1.487e-02
1.70,1.12,1.4766,-1.5591,1.556e-02
1.72,1.12,1.4873,-1.6117,1.661e-02
1.74,1.12,1.5131,-1.6494,1.805e-02
1.76,1.12,1.5509,-1.6699,1.991e-02
1.78,1.12,1.5978,-1.6719,2.228e-02
1.80,1.12,1.6509,-1.6567,2.523e-02
1.82,1.12,1.7077,-1.6285,2.891e-02
1.84,1.12,1.7660,-1.5930,3.348e-02
1.86,1.12,1.8238,-1.5567,3.915e-02
1.88,1.12,1.8795,-1.5257,4.620e-02
1.90,1.12,1.9315,-1.5050,5.500e-02
1.92,1.12,1.9790,-1.4983,6.604e-02
1.94,1.12,2.0210,-1.5082,7.995e-02
1.96,1.12,2.0572,-1.5357,9.761e-02
1.98,1.12,2.0878,-1.5814,1.202e-01
2.00,1.12,2.1129,-1.6454,1.493e-01
2.02,1.12,2.1331,-1.7277,1.876e-01
2.04,1.12,2.1493,-1.8312,2.395e-01
1.14,1.14,1.9878,-0.3001,2.122e-01
1.16,1.14,1.9351,-0.4877,2.121e-01
1.18,1.14,1.9125,-0.4703,2.119e-01
1.20,1.14,1.9224,-0.3977,2.117e-01
1.22,1.14,1.9311,-0.3593,2.113e-01
1.24,1.14,1.9316,-0.3469,2.108e-01
1.26,1.14,1.9274,-0.3390,2.101e-01
1.28,1.14,1.9182,-0.3356,2.092e-01
1.30,1.14,1.8990,-0.3647,2.079e-01
1.32,1.14,1.8780,-0.4255,2.063e-01
1.34,1.14,1.8900,-0.4370,2.043e-01
1.36,1.14,1.9525,-0.2484,2.019e-01
1.38,1.14,1.9502,-0.0563,1.989e-01
1.40,1.14,1.8455,-0.1535,1.651e-01
1.42,1.14,1.6588,-0.5518,9.990e-02
1.44,1.14,1.4762,-1.0375,6.570e-02
1.46,1.14,1.5875,-1.1103,4.610e-02
1.48,1.14,2.0934,-0.6178,3.412e-02
1.50,1.14,2.0793,-0.6463,2.644e-02
1.52,1.14,1.9712,-0.7643,2.137e-02
1.54,1.14,1.8563,-0.8944,1.796e-02
1.56,1.14,1.7455,-1.0250,1.566e-02
1.58,1.14,1.6454,-1.1482,1.413e-02
1.60,1.14,1.5600,-1.2597,1.316e-02
1.62,1.14,1.4920,-1.3575,1.261e-02
1.64,1.14,1.4432,-1.4417,1.242e-02
1.66,1.14,1.4143,-1.5128,1.252e-02
1.68,1.14,1.4049,-1.5707,1.289e-02
1.70,1.14,1.4134,-1.6138,1.353e-02
1.72,1.14,1.4374,-1.6394,1.444e-02
1.74,1.14,1.4738,-1.6450,1.565e-02
1.76,1.14,1.5199,-1.6306,1.719e-02
1.78,1.14,1.5730,-1.5990,1.913e-02
1.80,1.14,1.6307,-1.5556,2.153e-02
1.82,1.14,1.6909,-1.5067,2.450e-02
1.84,1.14,1.7517,-1.4589,2.815e-02
1.86,1.14,1.8116,-1.4180,3.265e-02
1.88,1.14,1.8689,-1.3885,3.820e-02
1.90,1.14,1.9224,-1.3736,4.507e-02
1.92,1.14,1.9711,-1.3753,5.361e-02
1.94,1.14,2.0143,-1.3949,6.428e-02
1.96,1.14,2.0518,-1.4326,7.770e-02
1.98,1.14,2.0834,-1.4884,9.471e-02
2.00,1.14,2.1095,-1.5620,1.165e-01
2.02,1.14,2.1307,-1.6536,1.447e-01
2.04,1.14,2.1477,-1.7665,1.827e-01
1.16,1.16,1.9880,-0.2460,2.119e-01
1.18,1.16,1.9556,-0.4304,2.117e-01
1.20,1.16,1.9156,-0.4912,2.113e-01
1.22,1.16,1.9052,-0.4609,2.107e-01
1.24,1.16,1.9060,-0.4212,2.100e-01
1.26,1.16,1.9051,-0.4008,2.090e-01
1.28,1.16,1.8978,-0.4017,2.077e-01
1.30,1.16,1.8872,-0.4231,2.060e-01
1.32,1.16,1.8804,-0.4520,2.038e-01
1.34,1.16,1.9014,-0.4222,2.012e-01
1.36,1.16,1.9530,-0.2483,1.980e-01
1.38,1.16,1.9692,0.0479,1.470e-01
1.40,1.16,1.8579,0.1048,8.986e-02
1.42,1.16,1.5848,-0.2850,5.952e-02
1.44,1.16,1.3203,-0.9355,4.196e-02
1.46,1.16,1.2989,-1.2885,3.114e-02
1.48,1.16,1.6020,-1.0868,2.416e-02
1.50,1.16,1.9305,-0.7990,1.951e-02
1.52,1.16,1.8104,-0.9324,1.636e-02
1.54,1.16,1.6960,-1.0631,1.420e-02
1.56,1.16,1.5932,-1.1842,1.273e-02
1.58,1.16,1.5056,-1.2920,1.175e-02
1.60,1.16,1.4354,-1.3853,1.116e-02
1.62,1.16,1.3844,-1.4645,1.085e-02
1.64,1.16,1.3534,-1.5299,1.080e-02
1.66,1.16,1.3420,-1.5807,1.096e-02
1.68,1.16,1.3485,-1.6144,1.132e-02
1.70,1.16,1.3705,-1.6280,1.189e-02
1.72,1.16,1.4053,-1.6197,1.268e-02
1.74,1.16,1.4500,-1.5909,1.370e-02
1.76,1.16,1.5023,-1.5459,1.499e-02
1.78,1.16,1.5598,-1.4906,1.660e-02
1.80,1.16,1.6207,-1.4321,1.858e-02
1.82,1.16,1.6832,-1.3765,2.100e-02
1.84,1.16,1.7457,-1.3290,2.395e-02
1.86,1.16,1.8068,-1.2935,2.757e-02
1.88,1.16,1.8650,-1.2727,3.200e-02
1.90,1.16,1.9192,-1.2684,3.744e-02
1.92,1.16,1.9686,-1.2816,4.416e-02
1.94,1.16,2.0125,-1.3125,5.248e-02
1.96,1.16,2.0505,-1.3611,6.286e-02
1.98,1.16,2.0827,-1.4273,7.590e-02
2.00,1.16,2.1093,-1.5110,9.244e-02
2.02,1.16,2.1309,-1.6126,1.137e-01
2.04,1.16,2.1483,-1.7363,1.421e-01
1.18,1.18,1.9850,-0.2046,2.113e-01
1.20,1.18,1.9747,-0.3458,2.107e-01
1.22,1.18,1.9342,-0.4584,2.099e-01
1.24,1.18,1.9097,-0.4813,2.089e-01
1.26,1.18,1.8979,-0.4735,2.075e-01
1.28,1.18,1.8924,-0.4631,2.057e-01
1.30,1.18,1.8890,-0.4606,2.034e-01
1.32,1.18,1.8927,-0.4530,2.006e-01
1.34,1.18,1.9176,-0.3877,1.972e-01
1.36,1.18,1.9764,-0.0952,1.339e-01
1.38,1.18,1.9927,0.2505,8.239e-02
1.40,1.18,1.8135,0.2571,5.481e-02
1.42,1.18,1.5070,-0.0822,3.875e-02
1.44,1.18,1.2273,-0.6818,2.880e-02
1.46,1.18,1.0589,-1.2201,2.235e-02
1.48,1.18,1.1460,-1.5020,1.804e-02
1.50,1.18,1.5894,-1.1064,1.509e-02
1.52,1.18,1.6518,-1.0975,1.304e-02
1.54,1.18,1.5470,-1.2164,1.163e-02
1.56,1.18,1.4575,-1.3207,1.067e-02
1.58,1.18,1.3857,-1.4100,1.003e-02
1.60,1.18,1.3331,-1.4846,9.662e-03
1.62,1.18,1.3005,-1.5446,9.500e-03
1.64,1.18,1.2874,-1.5884,9.519e-03
1.66,1.18,1.2921,-1.6127,9.703e-03
1.68,1.18,1.3122,-1.6147,1.005e-02
1.70,1.18,1.3451,-1.5938,1.055e-02
1.72,1.18,1.3883,-1.5526,1.123e-02
1.74,1.18,1.4392,-1.4966,1.211e-02
1.76,1.18,1.4960,-1.4326,1.320e-02
1.78,1.18,1.5568,-1.3673,1.454e-02
1.80,1.18,1.6200,-1.3066,1.618e-02
1.82,1.18,1.6840,-1.2550,1.818e-02
1.84,1.18,1.7475,-1.2159,2.060e-02
1.86,1.18,1.8092,-1.1913,2.355e-02
1.88,1.18,1.8678,-1.1827,2.714e-02
1.90,1.18,1.9223,-1.1908,3.151e-02
1.92,1.18,1.9719,-1.2162,3.687e-02
1.94,1.18,2.0158,-1.2589,4.346e-02
1.96,1.18,2.0539,-1.3189,5.161e-02
1.98,1.18,2.0861,-1.3963,6.178e-02
2.00,1.18,2.1127,-1.4914,7.456e-02
2.02,1.18,2.1342,-1.6054,9.088e-02
2.04,1.18,2.1515,-1.7440,1.125e-01
1.20,1.20,1.9788,-0.1770,2.099e-01
1.22,1.20,1.9822,-0.2559,2.088e-01
1.24,1.20,1.9603,-0.3679,2.073e-01
1.26,1.20,1.9338,-0.4281,2.055e-01
1.28,1.20,1.9175,-0.4462,2.031e-01
1.30,1.20,1.9120,-0.4391,2.002e-01
1.32,1.20,1.9174,-0.4082,1.966e-01
1.34,1.20,1.9532,-0.1873,1.245e-01
1.36,1.20,1.9904,0.1234,7.688e-02
1.38,1.20,1.9354,0.3559,5.126e-02
1.40,1.20,1.7307,0.3391,3.629e-02
1.42,1.20,1.4265,0.0603,2.698e-02
1.44,1.20,1.1443,-0.4237,2.093e-02
1.46,1.20,0.9140,-1.0629,1.687e-02
1.48,1.20,0.8942,-1.5030,1.408e-02
1.50,1.20,1.0761,-1.5859,1.213e-02
1.52,1.20,1.4476,-1.2761,1.076e-02
1.54,1.20,1.4156,-1.3458,9.809e-03
1.56,1.20,1.3424,-1.4315,9.159e-03
1.58,1.20,1.2886,-1.5020,8.741e-03
1.60,1.20,1.2548,-1.5568,8.508e-03
1.62,1.20,1.2403,-1.5936,8.429e-03
1.64,1.20,1.2434,-1.6088,8.488e-03
1.66,1.20,1.2618,-1.5999,8.676e-03
1.68,1.20,1.2929,-1.5675,8.992e-03
1.70,1.20,1.3344,-1.5158,9.440e-03
1.72,1.20,1.3838,-1.4511,1.003e-02
1.74,1.20,1.4395,-1.3806,1.078e-02
1.76,1.20,1.4997,-1.3108,1.171e-02
1.78,1.20,1.5628,-1.2471,1.284e-02
1.80,1.20,1.6275,-1.1933,1.422e-02
1.82,1.20,1.6926,-1.1522,1.589e-02
1.84,1.20,1.7567,-1.1253,1.790e-02
1.86,1.20,1.8187,-1.1138,2.033e-02
1.88,1.20,1.8775,-1.1184,2.327e-02
1.90,1.20,1.9319,-1.1395,2.683e-02
1.92,1.20,1.9813,-1.1775,3.116e-02
1.94,1.20,2.0249,-1.2326,3.646e-02
1.96,1.20,2.0626,-1.3053,4.296e-02
1.98,1.20,2.0943,-1.3960,5.100e-02
2.00,1.20,2.1203,-1.5061,6.103e-02
2.02,1.20,2.1413,-1.6384,7.375e-02
2.04,1.20,2.1580,-1.8021,9.049e-02
1.22,1.22,1.9691,-0.1618,2.073e-01
1.24,1.22,1.9810,-0.1853,2.054e-01
1.26,1.22,1.9747,-0.2613,2.029e-01
1.28,1.22,1.9613,-0.3186,1.999e-01
1.30,1.22,1.9497,-0.3369,1.962e-01
1.32,1.22,1.9732,-0.1457,1.180e-01
1.34,1.22,1.9784,0.0672,7.292e-02
1.36,1.22,1.9383,0.2714,4.864e-02
1.38,1.22,1.8281,0.4014,3.442e-02
1.40,1.22,1.6211,0.3693,2.558e-02
1.42,1.22,1.3396,0.1498,1.982e-02
1.44,1.22,1.0662,-0.2333,1.595e-02
1.46,1.22,0.8337,-0.8000,1.327e-02
1.48,1.22,0.6836,-1.3163,1.140e-02
1.50,1.22,0.7383,-1.8040,1.007e-02
1.52,1.22,1.0363,-1.6131,9.131e-03
1.54,1.22,1.3047,-1.4501,8.469e-03
1.56,1.22,1.2504,-1.5167,8.020e-03
1.58,1.22,1.2156,-1.5666,7.736e-03
1.60,1.22,1.1999,-1.5965,7.589e-03
1.62,1.22,1.2017,-1.6028,7.560e-03
1.64,1.22,1.2185,-1.5837,7.639e-03
1.66,1.22,1.2480,-1.5413,7.821e-03
1.68,1.22,1.2877,-1.4809,8.108e-03
1.70,1.22,1.3357,-1.4094,8.504e-03
1.72,1.22,1.3900,-1.3342,9.019e-03
1.74,1.22,1.4493,-1.2616,9.665e-03
1.76,1.22,1.5120,-1.1963,1.046e-02
1.78,1.22,1.5770,-1.1416,1.143e-02
1.80,1.22,1.6430,-1.0996,1.260e-02
1.82,1.22,1.7089,-1.0716,1.401e-02
1.84,1.22,1.7735,-1.0584,1.569e-02
1.86,1.22,1.8357,-1.0606,1.772e-02
1.88,1.22,1.8943,-1.0786,2.016e-02
1.90,1.22,1.9485,-1.1131,2.309e-02
1.92,1.22,1.9973,-1.1647,2.664e-02
1.94,1.22,2.0403,-1.2343,3.095e-02
1.96,1.22,2.0772,-1.3230,3.620e-02
1.98,1.22,2.1079,-1.4327,4.265e-02
2.00,1.22,2.1329,-1.5668,5.065e-02
2.02,1.22,2.1528,-1.7328,6.071e-02
2.04,1.22,2.1684,-1.9520,7.387e-02
1.24,1.24,1.9555,-0.1610,2.028e-01
1.26,1.24,1.9734,-0.1393,1.997e-01
1.28,1.24,1.9756,-0.1681,1.959e-01
1.30,1.24,2.0155,0.0120,1.139e-01
1.32,1.24,2.0051,0.1581,7.026e-02
1.34,1.24,1.9387,0.2679,4.678e-02
1.36,1.24,1.8355,0.3604,3.306e-02
1.38,1.24,1.6936,0.4134,2.452e-02
1.40,1.24,1.4932,0.3673,1.897e-02
1.42,1.24,1.2431,0.1965,1.523e-02
1.44,1.24,0.9878,-0.0998,1.265e-02
1.46,1.24,0.7587,-0.5418,1.083e-02
1.48,1.24,0.5578,-1.1144,9.526e-03
1.50,1.24,0.5081,-1.5391,8.592e-03
1.52,1.24,0.6075,-1.9365,7.923e-03
1.54,1.24,0.9845,-1.6454,7.450e-03
1.56,1.24,1.1822,-1.5740,7.130e-03
1.58,1.24,1.1656,-1.5973,6.933e-03
1.60,1.24,1.1662,-1.5952,6.841e-03
1.62,1.24,1.1816,-1.5670,6.841e-03
1.64,1.24,1.2095,-1.5158,6.928e-03
1.66,1.24,1.2477,-1.4481,7.100e-03
1.68,1.24,1.2942,-1.3714,7.359e-03
1.70,1.24,1.3472,-1.2930,7.710e-03
1.72,1.24,1.4054,-1.2187,8.161e-03
1.74,1.24,1.4676,-1.1529,8.724e-03
1.76,1.24,1.5325,-1.0981,9.413e-03
1.78,1.24,1.5990,-1.0561,1.025e-02
1.80,1.24,1.6662,-1.0278,1.125e-02
1.82,1.24,1.7329,-1.0137,1.245e-02
1.84,1.24,1.7980,-1.0144,1.388e-02
1.86,1.24,1.8603,-1.0305,1.559e-02
1.88,1.24,1.9189,-1.0627,1.763e-02
1.90,1.24,1.9726,-1.1122,2.007e-02
1.92,1.24,2.0208,-1.1805,2.301e-02
1.94,1.24,2.0628,-1.2696,2.656e-02
1.96,1.24,2.0985,-1.3830,3.086e-02
1.98,1.24,2.1278,-1.5261,3.610e-02
2.00,1.24,2.1512,-1.7109,4.256e-02
2.02,1.24,2.1693,-1.9675,5.063e-02
2.04,1.24,2.1832,-2.4305,6.113e-02
1.26,1.26,1.9388,-0.1655,1.959e-01
1.28,1.26,1.9954,0.1004,1.120e-01
1.30,1.26,2.0039,0.2702,6.873e-02
1.32,1.26,1.9400,0.3451,4.560e-02
1.34,1.26,1.8325,0.3815,3.213e-02
1.36,1.26,1.6975,0.3983,2.377e-02
1.38,1.26,1.5417,0.3976,1.834e-02
1.40,1.26,1.3539,0.3428,1.469e-02
1.42,1.26,1.1345,0.2114,1.216e-02
1.44,1.26,0.9018,-0.0134,1.038e-02
1.46,1.26,0.6783,-0.3529,9.096e-03
1.48,1.26,0.4747,-0.8463,8.167e-03
1.50,1.26,0.3198,-1.3206,7.490e-03
1.52,1.26,0.3456,-1.8417,7.000e-03
1.54,1.26,0.5405,-1.9783,6.652e-03
1.56,1.26,0.9763,-1.6540,6.417e-03
1.58,1.26,1.1362,-1.5867,6.277e-03
1.60,1.26,1.1504,-1.5502,6.219e-03
1.62,1.26,1.1769,-1.4916,6.235e-03
1.64,1.26,1.2136,-1.4179,6.324e-03
1.66,1.26,1.2587,-1.3372,6.484e-03
1.68,1.26,1.3105,-1.2566,6.718e-03
1.70,1.26,1.3677,-1.1815,7.031e-03
1.72,1.26,1.4292,-1.1157,7.429e-03
1.74,1.26,1.4939,-1.0615,7.923e-03
1.76,1.26,1.5608,-1.0199,8.523e-03
1.78,1.26,1.6290,-0.9918,9.246e-03
1.80,1.26,1.6974,-0.9775,1.011e-02
1.82,1.26,1.7651,-0.9775,1.114e-02
1.84,1.26,1.8309,-0.9926,1.237e-02
1.86,1.26,1.8936,-1.0237,1.382e-02
1.88,1.26,1.9521,-1.0726,1.555e-02
1.90,1.26,2.0055,-1.1417,1.761e-02
1.92,1.26,2.0528,-1.2345,2.007e-02
1.94,1.26,2.0936,-1.3569,2.302e-02
1.96,1.26,2.1276,-1.5199,2.658e-02
1.98,1.26,2.1550,-1.7489,3.089e-02
2.00,1.26,2.1762,-2.1334,3.617e-02
2.02,1.26,2.1807,-2.2981,4.278e-02
2.04,1.26,2.1823,-2.3713,5.132e-02
1.28,1.28,1.8844,0.1325,6.823e-02
1.30,1.28,1.8553,0.2975,4.502e-02
1.32,1.28,1.7819,0.3773,3.158e-02
1.34,1.28,1.6686,0.3945,2.328e-02
1.36,1.28,1.5320,0.3858,1.791e-02
1.38,1.28,1.3792,0.3602,1.430e-02
1.40,1.28,1.2076,0.3046,1.180e-02
1.42,1.28,1.0149,0.2042,1.004e-02
1.44,1.28,0.8050,0.0373,8.764e-03
1.46,1.28,0.5932,-0.2194,7.835e-03
1.48,1.28,0.3939,-0.5974,7.150e-03
1.50,1.28,0.2079,-1.0953,6.644e-03
1.52,1.28,0.1309,-1.4741,6.274e-03
1.54,1.28,0.2171,-2.0484,6.010e-03
1.56,1.28,0.5445,-1.9023,5.832e-03
1.58,1.28,1.0351,-1.5614,5.730e-03
1.60,1.28,1.1494,-1.4690,5.694e-03
1.62,1.28,1.1849,-1.3905,5.720e-03
1.64,1.28,1.2286,-1.3067,5.807e-03
1.66,1.28,1.2792,-1.2246,5.955e-03
1.68,1.28,1.3355,-1.1493,6.167e-03
1.70,1.28,1.3963,-1.0840,6.447e-03
1.72,1.28,1.4608,-1.0305,6.801e-03
1.74,1.28,1.5280,-0.9898,7.236e-03
1.76,1.28,1.5972,-0.9623,7.764e-03
1.78,1.28,1.6672,-0.9482,8.397e-03
1.80,1.28,1.7374,-0.9481,9.151e-03
1.82,1.28,1.8064,-0.9629,1.004e-02
1.84,1.28,1.8733,-0.9941,1.110e-02
1.86,1.28,1.9367,-1.0440,1.235e-02
1.88,1.28,1.9955,-1.1164,1.383e-02
1.90,1.28,2.0485,-1.2172,1.558e-02
1.92,1.28,2.0950,-1.3574,1.766e-02
1.94,1.28,2.1342,-1.5609,2.015e-02
1.96,1.28,2.1661,-1.9051,2.312e-02
1.98,1.28,2.1752,-2.1018,2.675e-02
2.00,1.28,2.1773,-2.1614,3.116e-02
2.02,1.28,2.1792,-2.2256,3.661e-02
2.04,1.28,2.1809,-2.2967,4.360e-02
1.30,1.30,1.6235,0.1516,3.140e-02
1.32,1.30,1.5577,0.2683,2.305e-02
1.34,1.30,1.4641,0.3181,1.765e-02
1.36,1.30,1.3459,0.3222,1.404e-02
1.38,1.30,1.2092,0.3005,1.155e-02
1.40,1.30,1.0561,0.2596,9.791e-03
1.42,1.30,0.8854,0.1848,8.518e-03
1.44,1.30,0.6976,0.0640,7.584e-03
1.46,1.30,0.5036,-0.1278,6.889e-03
1.48,1.30,0.3131,-0.4137,6.368e-03
1.50,1.30,0.1348,-0.8268,5.978e-03
1.52,1.30,-0.0149,-1.2599,5.689e-03
1.54,1.30,-0.0062,-1.6232,5.482e-03
1.56,1.30,0.1507,-2.0497,5.345e-03
1.58,1.30,0.6057,-1.7031,5.268e-03
1.60,1.30,1.1290,-1.3752,5.246e-03
1.62,1.30,1.2034,-1.2799,5.278e-03
1.64,1.30,1.2529,-1.1969,5.362e-03
1.66,1.30,1.3083,-1.1216,5.498e-03
1.68,1.30,1.3686,-1.0569,5.691e-03
1.70,1.30,1.4329,-1.0044,5.943e-03
1.72,1.30,1.5004,-0.9646,6.259e-03
1.74,1.30,1.5705,-0.9379,6.647e-03
1.76,1.30,1.6422,-0.9244,7.114e-03
1.78,1.30,1.7148,-0.9247,7.672e-03
1.80,1.30,1.7872,-0.9400,8.333e-03
1.82,1.30,1.8584,-0.9723,9.114e-03
1.84,1.30,1.9270,-1.0250,1.003e-02
1.86,1.30,1.9918,-1.1039,1.112e-02
1.88,1.30,2.0513,-1.2194,1.239e-02
1.90,1.30,2.1043,-1.3934,1.389e-02
1.92,1.30,2.1498,-1.6912,1.567e-02
1.94,1.30,2.1679,-1.9351,1.781e-02
1.96,1.30,2.1706,-1.9856,2.038e-02
1.98,1.30,2.1731,-2.0397,2.344e-02
2.00,1.30,2.1754,-2.0976,2.713e-02
2.02,1.30,2.1775,-2.1597,3.167e-02
2.04,1.30,2.1794,-2.2285,3.747e-02
1.32,1.32,1.3203,0.0771,1.757e-02
1.34,1.32,1.2450,0.1747,1.392e-02
1.36,1.32,1.1494,0.2158,1.141e-02
1.38,1.32,1.0333,0.2213,9.632e-03
1.40,1.32,0.8992,0.2009,8.348e-03
1.42,1.32,0.7485,0.1564,7.403e-03
1.44,1.32,0.5839,0.0712,6.695e-03
1.46,1.32,0.4095,-0.0656,6.158e-03
1.48,1.32,0.2354,-0.2823,5.750e-03
1.50,1.32,0.0679,-0.5958,5.440e-03
1.52,1.32,-0.0900,-1.0162,5.209e-03
1.54,1.32,-0.1838,-1.3651,5.043e-03
1.56,1.32,-0.1009,-1.8028,4.933e-03
1.58,1.32,0.1468,-1.9244,4.874e-03
1.60,1.32,0.7128,-1.4624,4.862e-03
1.62,1.32,1.2310,-1.1729,4.896e-03
1.64,1.32,1.2856,-1.0979,4.976e-03
1.66,1.32,1.3454,-1.0340,5.103e-03
1.68,1.32,1.4096,-0.9824,5.278e-03
1.70,1.32,1.4775,-0.9437,5.506e-03
1.72,1.32,1.5486,-0.9178,5.790e-03
1.74,1.32,1.6221,-0.9051,6.137e-03
1.76,1.32,1.6973,-0.9062,6.554e-03
1.78,1.32,1.7733,-0.9227,7.049e-03
1.80,1.32,1.8492,-0.9572,7.634e-03
1.82,1.32,1.9236,-1.0149,8.321e-03
1.84,1.32,1.9952,-1.1049,9.128e-03
1.86,1.32,2.0624,-1.2461,1.007e-02
1.88,1.32,2.1234,-1.4901,1.118e-02
1.90,1.32,2.1588,-1.7937,1.250e-02
1.92,1.32,2.1622,-1.8362,1.409e-02
1.94,1.32,2.1654,-1.8820,1.594e-02
1.96,1.32,2.1683,-1.9312,1.813e-02
1.98,1.32,2.1710,-1.9836,2.073e-02
2.00,1.32,2.1734,-2.0395,2.386e-02
2.02,1.32,2.1757,-2.0995,2.767e-02
2.04,1.32,2.1778,-2.1660,3.253e-02
1.34,1.34,1.0332,-0.0174,1.136e-02
1.36,1.34,0.9514,0.0748,9.554e-03
1.38,1.34,0.8532,0.1195,8.249e-03
1.40,1.34,0.7377,0.1317,7.285e-03
1.42,1.34,0.6084,0.1135,6.561e-03
1.44,1.34,0.4662,0.0634,6.008e-03
1.46,1.34,0.3156,-0.0327,5.581e-03
1.48,1.34,0.1591,-0.1891,5.252e-03
1.50,1.34,0.0053,-0.4265,4.999e-03
1.52,1.34,-0.1436,-0.7665,4.808e-03
1.54,1.34,-0.2784,-1.1500,4.671e-03
1.56,1.34,-0.3067,-1.4372,4.582e-03
1.58,1.34,-0.1591,-1.8668,4.536e-03
1.60,1.34,0.1929,-1.7542,4.531e-03
1.62,1.34,0.8520,-1.2539,4.566e-03
1.64,1.34,1.3263,-1.0146,4.642e-03
1.66,1.34,1.3904,-0.9640,4.759e-03
1.68,1.34,1.4588,-0.9263,4.920e-03
1.70,1.34,1.5310,-0.9013,5.127e-03
1.72,1.34,1.6064,-0.8896,5.384e-03
1.74,1.34,1.6844,-0.8918,5.697e-03
1.76,1.34,1.7645,-0.9101,6.070e-03
1.78,1.34,1.8456,-0.9481,6.513e-03
1.80,1.34,1.9268,-1.0135,7.033e-03
1.82,1.34,2.0066,-1.1213,7.643e-03
1.84,1.34,2.0832,-1.3097,8.355e-03
1.86,1.34,2.1480,-1.6748,9.193e-03
1.88,1.34,2.1521,-1.7099,1.022e-02
1.90,1.34,2.1559,-1.7484,1.140e-02
1.92,1.34,2.1594,-1.7899,1.278e-02
1.94,1.34,2.1627,-1.8345,1.438e-02
1.96,1.34,2.1658,-1.8821,1.627e-02
1.98,1.34,2.1687,-1.9327,1.850e-02
2.00,1.34,2.1713,-1.9866,2.117e-02
2.02,1.34,2.1738,-2.0445,2.441e-02
2.04,1.34,2.1761,-2.1085,2.852e-02
1.36,1.36,0.7600,-0.1025,8.216e-03
1.38,1.36,0.6733,-0.0090,7.228e-03
1.40,1.36,0.5742,0.0432,6.482e-03
1.42,1.36,0.4659,0.0579,5.910e-03
1.44,1.36,0.3478,0.0384,5.465e-03
1.46,1.36,0.2203,-0.0210,5.116e-03
1.48,1.36,0.0849,-0.1318,4.843e-03
1.50,1.36,-0.0552,-0.3065,4.631e-03
1.52,1.36,-0.1939,-0.5633,4.471e-03
1.54,1.36,-0.3309,-0.9140,4.356e-03
1.56,1.36,-0.4364,-1.2376,4.281e-03
1.58,1.36,-0.3975,-1.5045,4.244e-03
1.60,1.36,-0.1842,-1.8419,4.244e-03
1.62,1.36,0.2651,-1.6165,4.280e-03
1.64,1.36,1.0133,-1.1109,4.352e-03
1.66,1.36,1.4439,-0.9118,4.461e-03
1.68,1.36,1.5173,-0.8879,4.609e-03
1.70,1.36,1.5947,-0.8771,4.798e-03
1.72,1.36,1.6758,-0.8808,5.032e-03
1.74,1.36,1.7603,-0.9014,5.315e-03
1.76,1.36,1.8475,-0.9445,5.652e-03
1.78,1.36,1.9366,-1.0211,6.050e-03
1.80,1.36,2.0264,-1.1580,6.516e-03
1.82,1.36,2.1153,-1.4462,7.060e-03
1.84,1.36,2.1405,-1.6045,7.734e-03
1.86,1.36,2.1449,-1.6360,8.522e-03
1.88,1.36,2.1490,-1.6707,9.427e-03
1.90,1.36,2.1529,-1.7082,1.047e-02
1.92,1.36,2.1566,-1.7486,1.167e-02
1.94,1.36,2.1601,-1.7917,1.308e-02
1.96,1.36,2.1633,-1.8376,1.472e-02
1.98,1.36,2.1664,-1.8864,1.665e-02
2.00,1.36,2.1692,-1.9383,1.894e-02
2.02,1.36,2.1718,-1.9939,2.172e-02
2.04,1.36,2.1743,-2.0556,2.524e-02
1.38,1.38,0.4988,-0.1698,6.456e-03
1.40,1.38,0.4146,-0.0711,5.862e-03
1.42,1.38,0.3262,-0.0202,5.397e-03
1.44,1.38,0.2296,-0.0062,5.029e-03
1.46,1.38,0.1232,-0.0302,4.736e-03
1.48,1.38,0.0082,-0.1018,4.504e-03
1.50,1.38,-0.1159,-0.2270,4.323e-03
1.52,1.38,-0.2446,-0.4176,4.185e-03
1.54,1.38,-0.3753,-0.6926,4.086e-03
1.56,1.38,-0.5044,-1.0300,4.023e-03
1.58,1.38,-0.5745,-1.2977,3.994e-03
1.60,1.38,-0.4674,-1.5915,3.997e-03
1.62,1.38,-0.1862,-1.8317,4.032e-03
1.64,1.38,0.3488,-1.5458,4.100e-03
1.66,1.38,1.1867,-1.0369,4.202e-03
1.68,1.38,1.5864,-0.8673,4.338e-03
1.70,1.38,1.6710,-0.8726,4.512e-03
1.72,1.38,1.7604,-0.8963,4.726e-03
1.74,1.38,1.8544,-0.9459,4.983e-03
1.76,1.38,1.9530,-1.0390,5.289e-03
1.78,1.38,2.0554,-1.2257,5.648e-03
1.80,1.38,2.1280,-1.5179,6.087e-03
1.82,1.38,2.1327,-1.5429,6.630e-03
1.84,1.38,2.1373,-1.5711,7.247e-03
1.86,1.38,2.1417,-1.6022,7.950e-03
1.88,1.38,2.1460,-1.6361,8.755e-03
1.90,1.38,2.1500,-1.6725,9.678e-03
1.92,1.38,2.1538,-1.7116,1.074e-02
1.94,1.38,2.1574,-1.7532,1.197e-02
1.96,1.38,2.1608,-1.7973,1.341e-02
1.98,1.38,2.1640,-1.8442,1.509e-02
2.00,1.38,2.1669,-1.8940,1.708e-02
2.02,1.38,2.1697,-1.9475,1.949e-02
2.04,1.38,2.1724,-2.0069,2.252e-02
1.40,1.40,0.2614,-0.2192,5.375e-03
1.42,1.40,0.1891,-0.1243,4.986e-03
1.44,1.40,0.1107,-0.0727,4.674e-03
1.46,1.40,0.0243,-0.0637,4.422e-03
1.48,1.40,-0.0726,-0.0983,4.221e-03
1.50,1.40,-0.1816,-0.1798,4.063e-03
1.52,1.40,-0.2998,-0.3177,3.942e-03
1.54,1.40,-0.4232,-0.5242,3.856e-03
1.56,1.40,-0.5515,-0.8123,3.802e-03
1.58,1.40,-0.6701,-1.1152,3.778e-03
1.60,1.40,-0.6964,-1.3538,3.783e-03
1.62,1.40,-0.5174,-1.7017,3.818e-03
1.64,1.40,-0.1656,-1.8688,3.882e-03
1.66,1.40,0.4475,-1.5517,3.977e-03
1.68,1.40,1.3697,-1.0367,4.103e-03
1.70,1.40,1.7640,-0.8941,4.263e-03
1.72,1.40,1.8659,-0.9523,4.460e-03
1.74,1.40,1.9757,-1.0691,4.695e-03
1.76,1.40,2.0941,-1.3518,4.974e-03
1.78,1.40,2.1200,-1.4672,5.348e-03
1.80,1.40,2.1249,-1.4893,5.783e-03
1.82,1.40,2.1297,-1.5143,6.273e-03
1.84,1.40,2.1343,-1.5421,6.829e-03
1.86,1.40,2.1387,-1.5726,7.461e-03
1.88,1.40,2.1430,-1.6054,8.181e-03
1.90,1.40,2.1471,-1.6407,9.004e-03
1.92,1.40,2.1510,-1.6783,9.950e-03
1.94,1.40,2.1547,-1.7183,1.104e-02
1.96,1.40,2.1583,-1.7607,1.231e-02
1.98,1.40,2.1616,-1.8056,1.378e-02
2.00,1.40,2.1647,-1.8535,1.553e-02
2.02,1.40,2.1676,-1.9048,1.762e-02
2.04,1.40,2.1705,-1.9620,2.026e-02
1.42,1.42,0.0565,-0.2607,4.653e-03
1.44,1.42,-0.0076,-0.1675,4.382e-03
1.46,1.42,-0.0777,-0.1228,4.161e-03
1.48,1.42,-0.1593,-0.1208,3.984e-03
1.50,1.42,-0.2540,-0.1637,3.844e-03
1.52,1.42,-0.3606,-0.2575,3.737e-03
1.54,1.42,-0.4778,-0.4075,3.661e-03
1.56,1.42,-0.6035,-0.6286,3.613e-03
1.58,1.42,-0.7344,-0.9157,3.593e-03
1.60,1.42,-0.8437,-1.1908,3.600e-03
1.62,1.42,-0.8177,-1.4183,3.634e-03
1.64,1.42,-0.5538,-1.8396,3.695e-03
1.66,1.42,-0.1366,-1.9890,3.783e-03
1.68,1.42,0.5482,-1.6749,3.901e-03
1.70,1.42,1.5751,-1.1665,4.048e-03
1.72,1.42,2.0042,-1.1154,4.229e-03
1.74,1.42,2.1073,-1.4074,4.461e-03
1.76,1.42,2.1123,-1.4235,4.774e-03
1.78,1.42,2.1172,-1.4428,5.126e-03
1.80,1.42,2.1220,-1.4650,5.521e-03
1.82,1.42,2.1267,-1.4898,5.967e-03
1.84,1.42,2.1314,-1.5170,6.470e-03
1.86,1.42,2.1358,-1.5465,7.041e-03
1.88,1.42,2.1402,-1.5782,7.689e-03
1.90,1.42,2.1443,-1.6122,8.427e-03
1.92,1.42,2.1483,-1.6483,9.272e-03
1.94,1.42,2.1521,-1.6867,1.024e-02
1.96,1.42,2.1557,-1.7273,1.137e-02
1.98,1.42,2.1591,-1.7705,1.267e-02
2.00,1.42,2.1624,-1.8163,1.421e-02
2.02,1.42,2.1655,-1.8656,1.605e-02
2.04,1.42,2.1685,-1.9207,1.836e-02
1.44,1.44,-0.1244,-0.2948,4.142e-03
1.46,1.44,-0.1833,-0.2098,3.945e-03
1.48,1.44,-0.2527,-0.1706,3.786e-03
1.50,1.44,-0.3348,-0.1775,3.660e-03
1.52,1.44,-0.4315,-0.2306,3.564e-03
1.54,1.44,-0.5426,-0.3340,3.495e-03
1.56,1.44,-0.6659,-0.4958,3.453e-03
1.58,1.44,-0.7998,-0.7295,3.436e-03
1.60,1.44,-0.9399,-1.0098,3.444e-03
1.62,1.44,-1.0318,-1.2547,3.477e-03
1.64,1.44,-0.9349,-1.5056,3.534e-03
1.66,1.44,-0.5749,-2.0285,3.617e-03
1.68,1.44,-0.0986,-2.2520,3.726e-03
1.70,1.44,0.6443,-2.1353,3.863e-03
1.72,1.44,1.7695,-1.6222,4.069e-03
1.74,1.44,2.1049,-1.3862,4.326e-03
1.76,1.44,2.1098,-1.4030,4.614e-03
1.78,1.44,2.1146,-1.4224,4.936e-03
1.80,1.44,2.1193,-1.4443,5.297e-03
1.82,1.44,2.1240,-1.4686,5.704e-03
1.84,1.44,2.1286,-1.4950,6.162e-03
1.86,1.44,2.1331,-1.5235,6.679e-03
1.88,1.44,2.1374,-1.5541,7.265e-03
1.90,1.44,2.1416,-1.5867,7.932e-03
1.92,1.44,2.1456,-1.6213,8.691e-03
1.94,1.44,2.1495,-1.6581,9.562e-03
1.96,1.44,2.1532,-1.6970,1.056e-02
1.98,1.44,2.1567,-1.7383,1.173e-02
2.00,1.44,2.1601,-1.7823,1.309e-02
2.02,1.44,2.1633,-1.8296,1.472e-02
2.04,1.44,2.1665,-1.8826,1.676e-02
1.46,1.46,-0.2923,-0.3268,3.767e-03
1.48,1.46,-0.3525,-0.2502,3.622e-03
1.50,1.46,-0.4257,-0.2199,3.507e-03
1.52,1.46,-0.5148,-0.2347,3.419e-03
1.54,1.46,-0.6208,-0.2961,3.357e-03
1.56,1.46,-0.7426,-0.4091,3.319e-03
1.58,1.46,-0.8808,-0.5847,3.304e-03
1.60,1.46,-1.0355,-0.8252,3.313e-03
1.62,1.46,-1.1927,-1.0881,3.344e-03
1.64,1.46,-1.2724,-1.3200,3.397e-03
1.66,1.46,-1.0483,-1.6020,3.475e-03
1.68,1.46,-0.5822,-2.3197,3.577e-03
1.70,1.46,-0.0485,-2.6364,3.762e-03
1.72,1.46,0.7295,-2.3014,3.975e-03
1.74,1.46,1.8228,-1.5828,4.212e-03
1.76,1.46,2.1075,-1.3860,4.477e-03
1.78,1.46,2.1122,-1.4053,4.774e-03
1.80,1.46,2.1169,-1.4268,5.106e-03
1.82,1.46,2.1215,-1.4503,5.478e-03
1.84,1.46,2.1260,-1.4758,5.897e-03
1.86,1.46,2.1304,-1.5032,6.368e-03
1.88,1.46,2.1348,-1.5326,6.901e-03
1.90,1.46,2.1390,-1.5638,7.505e-03
1.92,1.46,2.1431,-1.5970,8.192e-03
1.94,1.46,2.1470,-1.6322,8.976e-03
1.96,1.46,2.1507,-1.6694,9.877e-03
1.98,1.46,2.1544,-1.7090,1.092e-02
2.00,1.46,2.1578,-1.7511,1.214e-02
2.02,1.46,2.1612,-1.7965,1.358e-02
2.04,1.46,2.1645,-1.8475,1.540e-02
1.48,1.48,-0.4590,-0.3603,3.488e-03
1.50,1.48,-0.5281,-0.2906,3.382e-03
1.52,1.48,-0.6122,-0.2683,3.301e-03
1.54,1.48,-0.7148,-0.2920,3.243e-03
1.56,1.48,-0.8381,-0.3629,3.208e-03
1.58,1.48,-0.9854,-0.4852,3.195e-03
1.60,1.48,-1.1598,-0.6697,3.203e-03
1.62,1.48,-1.3671,-0.9100,3.232e-03
1.64,1.48,-1.5898,-1.1590,3.283e-03
1.66,1.48,-1.5925,-1.3836,3.366e-03
1.68,1.48,-1.0559,-1.7231,3.524e-03
1.70,1.48,-0.5235,-2.3862,3.701e-03
1.72,1.48,0.0081,-2.6417,3.898e-03
1.74,1.48,0.7960,-2.2593,4.118e-03
1.76,1.48,1.8564,-1.5622,4.363e-03
1.78,1.48,2.1101,-1.3910,4.637e-03
1.80,1.48,2.1146,-1.4118,4.943e-03
1.82,1.48,2.1191,-1.4345,5.285e-03
1.84,1.48,2.1236,-1.4591,5.669e-03
1.86,1.48,2.1280,-1.4854,6.101e-03
1.88,1.48,2.1323,-1.5135,6.587e-03
1.90,1.48,2.1365,-1.5434,7.137e-03
1.92,1.48,2.1406,-1.5751,7.761e-03
1.94,1.48,2.1445,-1.6088,8.472e-03
1.96,1.48,2.1483,-1.6444,9.285e-03
1.98,1.48,2.1520,-1.6822,1.022e-02
2.00,1.48,2.1556,-1.7226,1.132e-02
2.02,1.48,2.1590,-1.7661,1.261e-02
2.04,1.48,2.1624,-1.8152,1.424e-02
1.50,1.50,-0.6393,-0.3944,3.282e-03
1.52,1.50,-0.7230,-0.3345,3.206e-03
1.54,1.50,-0.8280,-0.3199,3.152e-03
1.56,1.50,-0.9592,-0.3506,3.119e-03
1.58,1.50,-1.1255,-0.4266,3.107e-03
1.60,1.50,-1.3400,-0.5608,3.114e-03
1.62,1.50,-1.6457,-0.7517,3.142e-03
1.64,1.50,-1.9539,-0.9868,3.212e-03
1.66,1.50,-1.8486,-1.2166,3.344e-03
1.68,1.50,-1.5124,-1.4250,3.491e-03
1.70,1.50,-0.9763,-1.8167,3.655e-03
1.72,1.50,-0.4722,-2.4312,3.838e-03
1.74,1.50,0.0533,-2.6458,4.042e-03
1.76,1.50,0.8451,-2.2338,4.269e-03
1.78,1.50,1.8766,-1.5559,4.522e-03
1.80,1.50,2.1126,-1.3992,4.804e-03
1.82,1.50,2.1170,-1.4210,5.120e-03
1.84,1.50,2.1214,-1.4445,5.474e-03
1.86,1.50,2.1257,-1.4697,5.871e-03
1.88,1.50,2.1300,-1.4966,6.317e-03
1.90,1.50,2.1342,-1.5251,6.820e-03
1.92,1.50,2.1382,-1.5555,7.390e-03
1.94,1.50,2.1422,-1.5876,8.037e-03
1.96,1.50,2.1460,-1.6217,8.775e-03
1.98,1.50,2.1498,-1.6579,9.625e-03
2.00,1.50,2.1534,-1.6965,1.061e-02
2.02,1.50,2.1569,-1.7383,1.178e-02
2.04,1.50,2.1604,-1.7855,1.325e-02
1.52,1.52,-0.8518,-0.4295,3.134e-03
1.54,1.52,-0.9657,-0.3781,3.082e-03
1.56,1.52,-1.1164,-0.3705,3.051e-03
1.58,1.52,-1.3248,-0.4067,3.038e-03
1.60,1.52,-1.6503,-0.4929,3.045e-03
1.62,1.52,-1.9634,-0.6313,3.102e-03
1.64,1.52,-1.9753,-0.8260,3.211e-03
1.66,1.52,-1.9517,-1.0510,3.333e-03
1.68,1.52,-1.8050,-1.2566,3.470e-03
1.70,1.52,-1.4390,-1.4608,3.622e-03
1.72,1.52,-0.9080,-1.8955,3.792e-03
1.74,1.52,-0.4300,-2.4679,3.981e-03
1.76,1.52,0.0912,-2.6544,4.192e-03
1.78,1.52,0.8788,-2.2218,4.427e-03
1.80,1.52,1.8851,-1.5612,4.689e-03
1.82,1.52,2.1151,-1.4095,4.981e-03
1.84,1.52,2.1194,-1.4319,5.308e-03
1.86,1.52,2.1236,-1.4560,5.674e-03
1.88,1.52,2.1278,-1.4817,6.085e-03
1.90,1.52,2.1320,-1.5089,6.547e-03
1.92,1.52,2.1360,-1.5379,7.069e-03
1.94,1.52,2.1400,-1.5686,7.661e-03
1.96,1.52,2.1438,-1.6012,8.335e-03
1.98,1.52,2.1476,-1.6358,9.108e-03
2.00,1.52,2.1512,-1.6728,1.000e-02
2.02,1.52,2.1548,-1.7129,1.106e-02
2.04,1.52,2.1585,-1.7583,1.239e-02
1.54,1.54,-1.1369,-0.4683,3.032e-03
1.56,1.54,-1.3331,-0.4208,3.001e-03
1.58,1.54,-1.6621,-0.4190,2.988e-03
1.60,1.54,-1.9430,-0.4635,3.032e-03
1.62,1.54,-1.9614,-0.5567,3.120e-03
1.64,1.54,-1.9786,-0.6986,3.220e-03
1.66,1.54,-1.9825,-0.8886,3.333e-03
1.68,1.54,-1.9380,-1.0977,3.460e-03
1.70,1.54,-1.7625,-1.2916,3.601e-03
1.72,1.54,-1.3716,-1.5018,3.759e-03
1.74,1.54,-0.8500,-1.9613,3.935e-03
1.76,1.54,-0.3958,-2.4979,4.132e-03
1.78,1.54,0.1210,-2.6637,4.350e-03
1.80,1.54,0.8992,-2.2210,4.593e-03
1.82,1.54,1.8833,-1.5759,4.865e-03
1.84,1.54,2.1176,-1.4212,5.168e-03
1.86,1.54,2.1218,-1.4441,5.507e-03
1.88,1.54,2.1259,-1.4686,5.886e-03
1.90,1.54,2.1299,-1.4946,6.312e-03
1.92,1.54,2.1339,-1.5222,6.793e-03
1.94,1.54,2.1379,-1.5515,7.336e-03
1.96,1.54,2.1417,-1.5827,7.954e-03
1.98,1.54,2.1455,-1.6158,8.661e-03
2.00,1.54,2.1492,-1.6512,9.479e-03
2.02,1.54,2.1528,-1.6897,1.044e-02
2.04,1.54,2.1565,-1.7334,1.165e-02
1.56,1.56,-1.6819,-0.5076,2.969e-03
1.58,1.56,-1.9390,-0.4659,2.997e-03
1.60,1.56,-1.9487,-0.4704,3.067e-03
1.62,1.56,-1.9627,-0.5201,3.148e-03
1.64,1.56,-1.9796,-0.6146,3.240e-03
1.66,1.56,-1.9916,-0.7591,3.344e-03
1.68,1.56,-1.9861,-0.9426,3.461e-03
1.70,1.56,-1.9233,-1.1389,3.593e-03
1.72,1.56,-1.7223,-1.3221,3.740e-03
1.74,1.56,-1.3122,-1.5375,3.904e-03
1.76,1.56,-0.8102,-2.0244,4.086e-03
1.78,1.56,-0.3683,-2.5187,4.290e-03
1.80,1.56,0.1419,-2.6729,4.517e-03
1.82,1.56,0.9078,-2.2294,4.769e-03
1.84,1.56,1.8726,-1.5987,5.051e-03
1.86,1.56,2.1201,-1.4339,5.365e-03
1.88,1.56,2.1241,-1.4572,5.717e-03
1.90,1.56,2.1281,-1.4820,6.111e-03
1.92,1.56,2.1320,-1.5083,6.555e-03
1.94,1.56,2.1359,-1.5363,7.056e-03
1.96,1.56,2.1397,-1.5661,7.625e-03
1.98,1.56,2.1435,-1.5977,8.274e-03
2.00,1.56,2.1472,-1.6317,9.024e-03
2.02,1.56,2.1509,-1.6686,9.908e-03
2.04,1.56,2.1546,-1.7107,1.101e-02
1.58,1.58,-1.9524,-0.5464,3.050e-03
1.60,1.58,-1.9578,-0.5107,3.112e-03
1.62,1.58,-1.9674,-0.5192,3.186e-03
1.64,1.58,-1.9806,-0.5714,3.270e-03
1.66,1.58,-1.9949,-0.6683,3.365e-03
1.68,1.58,-2.0031,-0.8133,3.474e-03
1.70,1.58,-1.9884,-0.9905,3.596e-03
1.72,1.58,-1.9083,-1.1751,3.732e-03
1.74,1.58,-1.6813,-1.3485,3.885e-03
1.76,1.58,-1.2608,-1.5678,4.055e-03
1.78,1.58,-0.7774,-2.0760,4.245e-03
1.80,1.58,-0.3473,-2.5356,4.457e-03
1.82,1.58,0.1551,-2.6832,4.692e-03
1.84,1.58,0.9061,-2.2458,4.954e-03
1.86,1.58,1.8540,-1.6285,5.247e-03
1.88,1.58,2.1225,-1.4474,5.574e-03
1.90,1.58,2.1264,-1.4710,5.941e-03
1.92,1.58,2.1303,-1.4961,6.352e-03
1.94,1.58,2.1341,-1.5228,6.816e-03
1.96,1.58,2.1379,-1.5512,7.341e-03
1.98,1.58,2.1416,-1.5815,7.940e-03
2.00,1.58,2.1453,-1.6141,8.630e-03
2.02,1.58,2.1490,-1.6495,9.443e-03
2.04,1.58,2.1528,-1.6900,1.046e-02
1.60,1.60,-1.9696,-0.5823,3.168e-03
1.62,1.60,-1.9753,-0.5516,3.233e-03
1.64,1.60,-1.9848,-0.5636,3.309e-03
1.66,1.60,-1.9973,-0.6178,3.397e-03
1.68,1.60,-2.0079,-0.7176,3.497e-03
1.70,1.60,-2.0125,-0.8609,3.610e-03
1.72,1.60,-1.9897,-1.0330,3.737e-03
1.74,1.60,-1.8935,-1.2067,3.879e-03
1.76,1.60,-1.6409,-1.3712,4.038e-03
1.78,1.60,-1.2170,-1.5933,4.215e-03
1.80,1.60,-0.7511,-2.1176,4.413e-03
1.82,1.60,-0.3320,-2.5494,4.632e-03
1.84,1.60,0.1616,-2.6949,4.877e-03
1.86,1.60,0.8956,-2.2689,5.151e-03
1.88,1.60,1.8283,-1.6644,5.456e-03
1.90,1.60,2.1249,-1.4616,5.797e-03
1.92,1.60,2.1287,-1.4855,6.179e-03
1.94,1.60,2.1325,-1.5110,6.610e-03
1.96,1.60,2.1362,-1.5381,7.097e-03
1.98,1.60,2.1399,-1.5671,7.652e-03
2.00,1.60,2.1436,-1.5982,8.290e-03
2.02,1.60,2.1473,-1.6322,9.041e-03
2.04,1.60,2.1511,-1.6713,9.981e-03
1.62,1.62,-1.9858,-0.6152,3.291e-03
1.64,1.62,-1.9918,-0.5890,3.360e-03
1.66,1.62,-2.0011,-0.6040,3.439e-03
1.68,1.62,-2.0119,-0.6610,3.531e-03
1.70,1.62,-2.0200,-0.7620,3.635e-03
1.72,1.62,-2.0183,-0.9007,3.753e-03
1.74,1.62,-1.9862,-1.0662,3.885e-03
1.76,1.62,-1.8714,-1.2294,4.033e-03
1.78,1.62,-1.6051,-1.3908,4.199e-03
1.80,1.62,-1.1801,-1.6147,4.383e-03
1.82,1.62,-0.7304,-2.1505,4.589e-03
1.84,1.62,-0.3217,-2.5604,4.818e-03
1.86,1.62,0.1622,-2.7080,5.074e-03
1.88,1.62,0.8773,-2.2980,5.359e-03
1.90,1.62,1.7939,-1.7060,5.677e-03
1.92,1.62,2.1273,-1.4764,6.034e-03
1.94,1.62,2.1310,-1.5007,6.435e-03
1.96,1.62,2.1347,-1.5266,6.888e-03
1.98,1.62,2.1383,-1.5543,7.404e-03
2.00,1.62,2.1420,-1.5841,7.997e-03
2.02,1.62,2.1456,-1.6167,8.693e-03
2.04,1.62,2.1495,-1.6544,9.566e-03
1.64,1.64,-2.0008,-0.6459,3.421e-03
1.66,1.64,-2.0075,-0.6231,3.492e-03
1.68,1.64,-2.0164,-0.6410,3.576e-03
1.70,1.64,-2.0249,-0.7009,3.672e-03
1.72,1.64,-2.0312,-0.8020,3.781e-03
1.74,1.64,-2.0233,-0.9363,3.903e-03
1.76,1.64,-1.9803,-1.0932,4.041e-03
1.78,1.64,-1.8510,-1.2491,4.196e-03
1.80,1.64,-1.5739,-1.4075,4.369e-03
1.82,1.64,-1.1498,-1.6323,4.561e-03
1.84,1.64,-0.7148,-2.1757,4.776e-03
1.86,1.64,-0.3159,-2.5689,5.015e-03
1.88,1.64,0.1576,-2.7219,5.282e-03
1.90,1.64,0.8522,-2.3321,5.580e-03
1.92,1.64,1.7509,-1.7527,5.914e-03
1.94,1.64,2.1297,-1.4919,6.289e-03
1.96,1.64,2.1333,-1.5166,6.712e-03
1.98,1.64,2.1369,-1.5430,7.192e-03
2.00,1.64,2.1405,-1.5716,7.744e-03
2.02,1.64,2.1441,-1.6029,8.393e-03
2.04,1.64,2.1480,-1.6392,9.206e-03
1.66,1.66,-2.0144,-0.6749,3.556e-03
1.68,1.66,-2.0217,-0.6552,3.632e-03
1.70,1.66,-2.0296,-0.6760,3.719e-03
1.72,1.66,-2.0371,-0.7370,3.820e-03
1.74,1.66,-2.0418,-0.8379,3.933e-03
1.76,1.66,-2.0279,-0.9681,4.062e-03
1.78,1.66,-1.9746,-1.1170,4.206e-03
1.80,1.66,-1.8325,-1.2662,4.367e-03
1.82,1.66,-1.5470,-1.4216,4.548e-03
1.84,1.66,-1.1274,-1.6558,4.749e-03
1.86,1.66,-0.7037,-2.1944,4.973e-03
1.88,1.66,-0.3140,-2.5753,5.224e-03
1.90,1.66,0.1485,-2.7360,5.503e-03
1.92,1.66,0.8213,-2.3706,5.816e-03
1.94,1.66,1.7027,-1.8038,6.167e-03
1.96,1.66,2.1321,-1.5080,6.563e-03
1.98,1.66,2.1356,-1.5333,7.013e-03
2.00,1.66,2.1391,-1.5606,7.529e-03
2.02,1.66,2.1427,-1.5907,8.135e-03
2.04,1.66,2.1466,-1.6257,8.897e-03
1.68,1.68,-2.0274,-0.7015,3.699e-03
1.70,1.68,-2.0348,-0.6850,3.778e-03
1.72,1.68,-2.0423,-0.7079,3.870e-03
1.74,1.68,-2.0488,-0.7697,3.975e-03
1.76,1.68,-2.0502,-0.8686,4.094e-03
1.78,1.68,-2.0322,-0.9964,4.229e-03
1.80,1.68,-1.9694,-1.1380,4.379e-03
1.82,1.68,-1.8162,-1.2811,4.548e-03
1.84,1.68,-1.5245,-1.4335,4.737e-03
1.86,1.68,-1.1106,-1.6775,4.948e-03
1.88,1.68,-0.6966,-2.2073,5.183e-03
1.90,1.68,-0.3155,-2.5797,5.446e-03
1.92,1.68,0.1355,-2.7495,5.740e-03
1.94,1.68,0.7855,-2.4129,6.069e-03
1.96,1.68,1.6500,-1.8588,6.441e-03
1.98,1.68,2.1345,-1.5250,6.863e-03
2.00,1.68,2.1379,-1.5511,7.347e-03
2.02,1.68,2.1415,-1.5800,7.916e-03
2.04,1.68,2.1453,-1.6138,8.631e-03
1.70,1.70,-2.0400,-0.7259,3.849e-03
1.72,1.70,-2.0475,-0.7123,3.933e-03
1.74,1.70,-2.0545,-0.7368,4.029e-03
1.76,1.70,-2.0600,-0.7992,4.139e-03
1.78,1.70,-2.0572,-0.8953,4.264e-03
1.80,1.70,-2.0363,-1.0216,4.405e-03
1.82,1.70,-1.9648,-1.1564,4.563e-03
1.84,1.70,-1.8021,-1.2938,4.740e-03
1.86,1.70,-1.5058,-1.4434,4.938e-03
1.88,1.70,-1.0980,-1.6940,5.159e-03
1.90,1.70,-0.6930,-2.2150,5.406e-03
1.92,1.70,-0.3200,-2.5822,5.683e-03
1.94,1.70,0.1191,-2.7617,5.993e-03
1.96,1.70,0.7455,-2.4585,6.343e-03
1.98,1.70,1.5936,-1.9172,6.740e-03
2.00,1.70,2.1369,-1.5431,7.195e-03
2.02,1.70,2.1404,-1.5708,7.730e-03
2.04,1.70,2.1442,-1.6033,8.404e-03
1.72,1.72,-2.0523,-0.7482,4.008e-03
1.74,1.72,-2.0597,-0.7372,4.095e-03
1.76,1.72,-2.0663,-0.7632,4.196e-03
1.78,1.72,-2.0708,-0.8259,4.312e-03
1.80,1.72,-2.0639,-0.9192,4.443e-03
1.82,1.72,-2.0403,-1.0439,4.591e-03
1.84,1.72,-1.9609,-1.1725,4.757e-03
1.86,1.72,-1.7901,-1.3047,4.943e-03
1.88,1.72,-1.4908,-1.4514,5.151e-03
1.90,1.72,-1.0892,-1.7061,5.384e-03
1.92,1.72,-0.6925,-2.2182,5.645e-03
1.94,1.72,-0.3270,-2.5829,5.938e-03
1.96,1.72,0.1000,-2.7714,6.267e-03
1.98,1.72,0.7021,-2.5070,6.642e-03
2.00,1.72,1.5345,-1.9788,7.071e-03
2.02,1.72,2.1394,-1.5629,7.576e-03
2.04,1.72,2.1432,-1.5944,8.214e-03
1.74,1.74,-2.0643,-0.7687,4.174e-03
1.76,1.74,-2.0716,-0.7599,4.267e-03
1.78,1.74,-2.0777,-0.7871,4.373e-03
1.80,1.74,-2.0812,-0.8501,4.495e-03
1.82,1.74,-2.0705,-0.9407,4.633e-03
1.84,1.74,-2.0413,-1.0606,4.788e-03
1.86,1.74,-1.9577,-1.1866,4.963e-03
1.88,1.74,-1.7801,-1.3140,5.159e-03
1.90,1.74,-1.4792,-1.4579,5.378e-03
1.92,1.74,-1.0838,-1.7142,5.625e-03
1.94,1.74,-0.6947,-2.2174,5.901e-03
1.96,1.74,-0.3363,-2.5819,6.213e-03
1.98,1.74,0.0785,-2.7778,6.566e-03
2.00,1.74,0.6574,-2.5576,6.972e-03
2.02,1.74,1.4736,-2.0435,7.450e-03
2.04,1.74,2.1423,-1.5868,8.056e-03
1.76,1.76,-2.0761,-0.7874,4.350e-03
1.78,1.76,-2.0833,-0.7807,4.448e-03
1.80,1.76,-2.0889,-0.8089,4.560e-03
1.82,1.76,-2.0896,-0.8702,4.688e-03
1.84,1.76,-2.0769,-0.9599,4.834e-03
1.86,1.76,-2.0419,-1.0749,4.998e-03
1.88,1.76,-1.9554,-1.1988,5.182e-03
1.90,1.76,-1.7721,-1.3217,5.389e-03
1.92,1.76,-1.4705,-1.4629,5.622e-03
1.94,1.76,-1.0813,-1.7189,5.883e-03
1.96,1.76,-0.6993,-2.2132,6.178e-03
1.98,1.76,-0.3474,-2.5794,6.513e-03
2.00,1.76,0.0564,-2.7838,6.898e-03
2.02,1.76,0.6174,-2.6082,7.351e-03
2.04,1.76,1.4128,-2.1110,7.928e-03
1.78,1.78,-2.0876,-0.8046,4.536e-03
1.80,1.78,-2.0947,-0.7997,4.639e-03
1.82,1.78,-2.0998,-0.8287,4.758e-03
1.84,1.78,-2.0977,-0.8883,4.894e-03
1.86,1.78,-2.0833,-0.9772,5.047e-03
1.88,1.78,-2.0430,-1.0875,5.221e-03
1.90,1.78,-1.9531,-1.2089,5.416e-03
1.92,1.78,-1.7660,-1.3282,5.636e-03
1.94,1.78,-1.4646,-1.4673,5.883e-03
1.96,1.78,-1.0814,-1.7206,6.163e-03
1.98,1.78,-0.7058,-2.2060,6.480e-03
2.00,1.78,-0.3599,-2.5756,6.846e-03
2.02,1.78,0.0347,-2.7925,7.277e-03
2.04,1.78,0.5782,-2.6617,7.828e-03
1.80,1.80,-2.0990,-0.8204,4.733e-03
1.82,1.80,-2.1060,-0.8170,4.843e-03
1.84,1.80,-2.1106,-0.8467,4.969e-03
1.86,1.80,-2.1058,-0.9047,5.112e-03
1.88,1.80,-2.0898,-0.9926,5.275e-03
1.90,1.80,-2.0445,-1.0986,5.459e-03
1.92,1.80,-1.9496,-1.2163,5.667e-03
1.94,1.80,-1.7616,-1.3335,5.901e-03
1.96,1.80,-1.4610,-1.4710,6.166e-03
1.98,1.80,-1.0837,-1.7197,6.468e-03
2.00,1.80,-0.7139,-2.1964,6.816e-03
2.02,1.80,-0.3734,-2.5709,7.228e-03
2.04,1.80,0.0134,-2.8012,7.755e-03
1.82,1.82,-2.1103,-0.8348,4.943e-03
1.84,1.82,-2.1171,-0.8328,5.059e-03
1.86,1.82,-2.1201,-0.8621,5.193e-03
1.88,1.82,-2.1138,-0.9195,5.345e-03
1.90,1.82,-2.0963,-1.0063,5.518e-03
1.92,1.82,-2.0465,-1.1083,5.714e-03
1.94,1.82,-1.9472,-1.2226,5.936e-03
1.96,1.82,-1.7584,-1.3377,6.188e-03
1.98,1.82,-1.4596,-1.4734,6.476e-03
2.00,1.82,-1.0878,-1.7168,6.807e-03
2.02,1.82,-0.7230,-2.1851,7.201e-03
2.04,1.82,-0.3867,-2.5665,7.706e-03
1.84,1.84,-2.1214,-0.8481,5.165e-03
1.86,1.84,-2.1281,-0.8473,5.289e-03
1.88,1.84,-2.1291,-0.8758,5.432e-03
1.90,1.84,-2.1218,-0.9328,5.594e-03
1.92,1.84,-2.1030,-1.0187,5.779e-03
1.94,1.84,-2.0490,-1.1169,5.990e-03
1.96,1.84,-1.9460,-1.2280,6.229e-03
1.98,1.84,-1.7561,-1.3411,6.503e-03
2.00,1.84,-1.4600,-1.4747,6.820e-03
2.02,1.84,-1.0932,-1.7125,7.196e-03
2.04,1.84,-0.7321,-2.1742,7.683e-03
1.86,1.86,-2.1316,-0.8594,5.403e-03
1.88,1.86,-2.1381,-0.8597,5.536e-03
1.90,1.86,-2.1382,-0.8882,5.688e-03
1.92,1.86,-2.1299,-0.9449,5.862e-03
1.94,1.86,-2.1098,-1.0296,6.062e-03
1.96,1.86,-2.0521,-1.1244,6.289e-03
1.98,1.86,-1.9457,-1.2326,6.550e-03
2.00,1.86,-1.7551,-1.3438,6.853e-03
2.02,1.86,-1.4618,-1.4754,7.214e-03
2.04,1.86,-1.0987,-1.7083,7.684e-03
1.88,1.88,-2.1416,-0.8697,5.658e-03
1.90,1.88,-2.1479,-0.8708,5.800e-03
1.92,1.88,-2.1474,-0.8996,5.964e-03
1.94,1.88,-2.1381,-0.9558,6.152e-03
1.96,1.88,-2.1168,-1.0395,6.368e-03
1.98,1.88,-2.0556,-1.1310,6.617e-03
2.00,1.88,-1.9465,-1.2365,6.907e-03
2.02,1.88,-1.7554,-1.3460,7.254e-03
2.04,1.88,-1.4639,-1.4761,7.708e-03
1.90,1.90,-2.1516,-0.8791,5.932e-03
1.92,1.90,-2.1576,-0.8810,6.086e-03
1.94,1.90,-2.1566,-0.9099,6.263e-03
1.96,1.90,-2.1465,-0.9657,6.468e-03
1.98,1.90,-2.1240,-1.0482,6.706e-03
2.00,1.90,-2.0598,-1.1369,6.983e-03
2.02,1.90,-1.9482,-1.2400,7.317e-03
2.04,1.90,-1.7562,-1.3481,7.757e-03
1.92,1.92,-2.1617,-0.8877,6.229e-03
1.94,1.92,-2.1675,-0.8904,6.396e-03
1.96,1.92,-2.1660,-0.9194,6.590e-03
1.98,1.92,-2.1552,-0.9747,6.817e-03
2.00,1.92,-2.1300,-1.0546,7.083e-03
2.02,1.92,-2.0646,-1.1422,7.404e-03
2.04,1.92,-1.9506,-1.2434,7.832e-03
1.94,1.94,-2.1719,-0.8957,6.553e-03
1.96,1.94,-2.1776,-0.8990,6.737e-03
1.98,1.94,-2.1757,-0.9281,6.952e-03
2.00,1.94,-2.1642,-0.9829,7.207e-03
2.02,1.94,-2.1367,-1.0606,7.518e-03
2.04,1.94,-2.0705,-1.1475,7.934e-03
1.96,1.96,-2.1824,-0.9031,6.910e-03
1.98,1.96,-2.1880,-0.9070,7.115e-03
2.00,1.96,-2.1857,-0.9362,7.359e-03
2.02,1.96,-2.1739,-0.9907,7.659e-03
2.04,1.96,-2.1447,-1.0666,8.066e-03
1.98,1.98,-2.1932,-0.9100,7.310e-03
2.00,1.98,-2.1988,-0.9145,7.544e-03
2.02,1.98,-2.1966,-0.9438,7.834e-03
2.04,1.98,-2.1851,-0.9984,8.232e-03
2.00,2.00,-2.2047,-0.9165,7.769e-03
2.02,2.00,-2.2106,-0.9216,8.050e-03
2.04,2.00,-2.2091,-0.9514,8.440e-03
2.02,2.02,-2.2172,-0.9228,8.323e-03
2.04,2.02,-2.2243,-0.9289,8.707e-03
2.04,2.04,-2.2327,-0.9296,9.089e-03
